Date,Site,Season,SetNumber,Species,SpeciesName,FunctionalGroup,Total_Length (mm),SampleTube,Photo,DevelopmentStage,Notes
5/17/2024,Taylor Head,Spring,1,Tomcod,Microgadus tomcod,BonyFishes,34,1,,Juvenile,
5/17/2024,Taylor Head,Spring,1,Tomcod,Microgadus tomcod,BonyFishes,32,2,,Juvenile,
5/17/2024,Taylor Head,Spring,1,Tomcod,Microgadus tomcod,BonyFishes,41,,,Juvenile,
5/17/2024,Taylor Head,Spring,1,Tomcod,Microgadus tomcod,BonyFishes,31,,,Juvenile,
5/17/2024,Taylor Head,Spring,1,Tomcod,Microgadus tomcod,BonyFishes,36,,,Juvenile,
5/17/2024,Taylor Head,Spring,1,Tomcod,Microgadus tomcod,BonyFishes,34,,,Juvenile,
5/17/2024,Taylor Head,Spring,1,Tomcod,Microgadus tomcod,BonyFishes,30,3,,Juvenile,Darker colour than others
5/17/2024,Taylor Head,Spring,1,Tomcod,Microgadus tomcod,BonyFishes,38,,,Juvenile,
5/17/2024,Taylor Head,Spring,1,Tomcod,Microgadus tomcod,BonyFishes,36,,,Juvenile,
5/17/2024,Taylor Head,Spring,1,Tomcod,Microgadus tomcod,BonyFishes,38,,,Juvenile,
5/17/2024,Taylor Head,Spring,1,Tomcod,Microgadus tomcod,BonyFishes,31,,,Juvenile,
5/17/2024,Taylor Head,Spring,1,Tomcod,Microgadus tomcod,BonyFishes,31,,,Juvenile,
5/17/2024,Taylor Head,Spring,1,Tomcod,Microgadus tomcod,BonyFishes,27,,,Juvenile,
5/17/2024,Taylor Head,Spring,1,Tomcod,Microgadus tomcod,BonyFishes,36,,,Juvenile,
5/17/2024,Taylor Head,Spring,1,Tomcod,Microgadus tomcod,BonyFishes,41,,,Juvenile,
5/17/2024,Taylor Head,Spring,1,Tomcod,Microgadus tomcod,BonyFishes,38,,,Juvenile,
5/17/2024,Taylor Head,Spring,1,Tomcod,Microgadus tomcod,BonyFishes,31,,,Juvenile,
5/17/2024,Taylor Head,Spring,1,Tomcod,Microgadus tomcod,BonyFishes,34,,,Juvenile,
5/17/2024,Taylor Head,Spring,1,Tomcod,Microgadus tomcod,BonyFishes,37,,,Juvenile,
5/17/2024,Taylor Head,Spring,1,Tomcod,Microgadus tomcod,BonyFishes,36,,,Juvenile,
5/17/2024,Taylor Head,Spring,1,Tomcod,Microgadus tomcod,BonyFishes,30,,,Juvenile,
5/17/2024,Taylor Head,Spring,1,Tomcod,Microgadus tomcod,BonyFishes,37,,,Juvenile,
5/17/2024,Taylor Head,Spring,1,Tomcod,Microgadus tomcod,BonyFishes,32,,,Juvenile,
5/17/2024,Taylor Head,Spring,1,Tomcod,Microgadus tomcod,BonyFishes,36,,,Juvenile,
5/17/2024,Taylor Head,Spring,1,Tomcod,Microgadus tomcod,BonyFishes,31,,,Juvenile,
5/17/2024,Taylor Head,Spring,1,Tomcod,Microgadus tomcod,BonyFishes,39,,,Juvenile,
5/17/2024,Taylor Head,Spring,1,Tomcod,Microgadus tomcod,BonyFishes,32,,,Juvenile,
5/17/2024,Taylor Head,Spring,1,Tomcod,Microgadus tomcod,BonyFishes,28,,,Juvenile,
5/17/2024,Taylor Head,Spring,1,Tomcod,Microgadus tomcod,BonyFishes,42,,,Juvenile,
5/17/2024,Taylor Head,Spring,1,Tomcod,Microgadus tomcod,BonyFishes,41,,,Juvenile,
5/17/2024,Taylor Head,Spring,1,Tomcod,Microgadus tomcod,BonyFishes,36,,,Juvenile,
5/17/2024,Taylor Head,Spring,1,Tomcod,Microgadus tomcod,BonyFishes,21,4,,Juvenile,
5/17/2024,Taylor Head,Spring,1,Tomcod,Microgadus tomcod,BonyFishes,41,,,Juvenile,
5/17/2024,Taylor Head,Spring,1,Tomcod,Microgadus tomcod,BonyFishes,32,,,Juvenile,
5/17/2024,Taylor Head,Spring,1,Tomcod,Microgadus tomcod,BonyFishes,29,,,Juvenile,
5/17/2024,Taylor Head,Spring,1,Tomcod,Microgadus tomcod,BonyFishes,51,5,,Juvenile,
5/17/2024,Taylor Head,Spring,1,Tomcod,Microgadus tomcod,BonyFishes,36,,,Juvenile,
5/17/2024,Taylor Head,Spring,1,Tomcod,Microgadus tomcod,BonyFishes,41,,,Juvenile,
5/17/2024,Taylor Head,Spring,1,Tomcod,Microgadus tomcod,BonyFishes,42,,,Juvenile,
5/17/2024,Taylor Head,Spring,1,Tomcod,Microgadus tomcod,BonyFishes,51,,,Juvenile,
5/17/2024,Taylor Head,Spring,1,Tomcod,Microgadus tomcod,BonyFishes,32,,,Juvenile,
5/17/2024,Taylor Head,Spring,1,Tomcod,Microgadus tomcod,BonyFishes,35,,,Juvenile,
5/17/2024,Taylor Head,Spring,1,Tomcod,Microgadus tomcod,BonyFishes,36,,,Juvenile,
5/17/2024,Taylor Head,Spring,1,Tomcod,Microgadus tomcod,BonyFishes,31,,,Juvenile,
5/17/2024,Taylor Head,Spring,1,Tomcod,Microgadus tomcod,BonyFishes,37,6,,Juvenile,
5/17/2024,Taylor Head,Spring,1,Tomcod,Microgadus tomcod,BonyFishes,33,,,Juvenile,
5/17/2024,Taylor Head,Spring,1,Tomcod,Microgadus tomcod,BonyFishes,32,,,Juvenile,
5/17/2024,Taylor Head,Spring,1,Tomcod,Microgadus tomcod,BonyFishes,38,,,Juvenile,
5/17/2024,Taylor Head,Spring,1,Tomcod,Microgadus tomcod,BonyFishes,31,,,Juvenile,
5/17/2024,Taylor Head,Spring,1,Tomcod,Microgadus tomcod,BonyFishes,31,,,Juvenile,
5/17/2024,Taylor Head,Spring,1,Tomcod,Microgadus tomcod,BonyFishes,42,7,,Juvenile,
5/17/2024,Taylor Head,Spring,1,Tomcod,Microgadus tomcod,BonyFishes,41,8,,Juvenile,
5/17/2024,Taylor Head,Spring,1,Tomcod,Microgadus tomcod,BonyFishes,50,9,,Juvenile,
5/17/2024,Taylor Head,Spring,1,Tomcod,Microgadus tomcod,BonyFishes,41,10,,Juvenile,
5/17/2024,Taylor Head,Spring,1,Tomcod,Microgadus tomcod,BonyFishes,51,11,,Juvenile,
5/17/2024,Taylor Head,Spring,1,Tomcod,Microgadus tomcod,BonyFishes,28,12,,Juvenile,
5/17/2024,Taylor Head,Spring,1,Tomcod,Microgadus tomcod,BonyFishes,41,13,,Juvenile,
5/17/2024,Taylor Head,Spring,1,Tomcod,Microgadus tomcod,BonyFishes,33,14,,Juvenile,
5/17/2024,Taylor Head,Spring,1,Tomcod,Microgadus tomcod,BonyFishes,33,15,,Juvenile,
5/17/2024,Taylor Head,Spring,1,Tomcod,Microgadus tomcod,BonyFishes,30,20,,Juvenile,
5/17/2024,Taylor Head,Spring,1,Tomcod,Microgadus tomcod,BonyFishes,37,21,,Unknown,
5/17/2024,Taylor Head,Spring,1,Isopod,Idotea balthica,Crustaceans,NA,22,,Unknown,
5/17/2024,Taylor Head,Spring,1,Isopod,Idotea balthica,Crustaceans,NA,23,,Unknown,
5/17/2024,Taylor Head,Spring,1,Isopod,Idotea balthica,Crustaceans,NA,24,,Unknown,
5/17/2024,Taylor Head,Spring,1,Amphipod,Amphipoda,Crustaceans,NA,25,,Unknown,
5/17/2024,Taylor Head,Spring,1,Isopod,Idotea balthica,Crustaceans,NA,26,,Unknown,
5/17/2024,Taylor Head,Spring,1,Isopod,Idotea balthica,Crustaceans,NA,27,,Unknown,
5/17/2024,Taylor Head,Spring,1,Isopod,Idotea balthica,Crustaceans,NA,28,,Unknown,
5/17/2024,Taylor Head,Spring,1,Isopod,Idotea balthica,Crustaceans,NA,29,,Unknown,
5/17/2024,Taylor Head,Spring,1,Caprellidae,Caprella sp.,Crustaceans,NA,30,,Unknown,
5/17/2024,Taylor Head,Spring,1,Isopod,Idotea balthica,Crustaceans,NA,31,,Unknown,
5/17/2024,Taylor Head,Spring,1,Sculpin,Myoxocephalus sp.,BonyFishes,23,,,Juvenile,
5/17/2024,Taylor Head,Spring,1,Sculpin,Myoxocephalus sp.,BonyFishes,28,,,Juvenile,
5/17/2024,Taylor Head,Spring,1,Sculpin,Myoxocephalus sp.,BonyFishes,29,,,Juvenile,
5/17/2024,Taylor Head,Spring,1,Sculpin,Myoxocephalus sp.,BonyFishes,36,,,Juvenile,
5/17/2024,Taylor Head,Spring,1,Sculpin,Myoxocephalus sp.,BonyFishes,28,,,Juvenile,
5/17/2024,Taylor Head,Spring,1,Sculpin,Myoxocephalus sp.,BonyFishes,24,,,Juvenile,
5/17/2024,Taylor Head,Spring,1,Sculpin,Myoxocephalus sp.,BonyFishes,26,,,Juvenile,
5/17/2024,Taylor Head,Spring,1,Mysid,Mysidacea,Crustaceans,NA,32,,,
5/17/2024,Taylor Head,Spring,1,Sculpin,Myoxocephalus sp.,BonyFishes,28,,,Juvenile,
5/17/2024,Taylor Head,Spring,1,Mysid,Mysidacea,Crustaceans,,33,,,
5/17/2024,Taylor Head,Spring,1,Mysid,Mysidacea,Crustaceans,,34,,,
5/17/2024,Taylor Head,Spring,1,Mysid,Mysidacea,Crustaceans,,35,,,
5/17/2024,Taylor Head,Spring,1,Sand Shrimp,Crangon,Crustaceans,,36,,,
5/17/2024,Taylor Head,Spring,1,Sculpin,Myoxocephalus sp.,BonyFishes,27,,,Juvenile,
5/17/2024,Taylor Head,Spring,1,Sculpin,Myoxocephalus sp.,BonyFishes,28,,,Juvenile,
5/17/2024,Taylor Head,Spring,1,Sand Shrimp,Crangon,Crustaceans,,37,,,
5/17/2024,Taylor Head,Spring,1,Mysid,Mysidacea,Crustaceans,,38,,,
5/17/2024,Taylor Head,Spring,1,Sand Shrimp,Crangon,Crustaceans,,39,,,
5/17/2024,Taylor Head,Spring,1,Sculpin,Myoxocephalus sp.,BonyFishes,21,,,,
5/17/2024,Taylor Head,Spring,1,Sand Shrimp,Crangon,Crustaceans,,40,,,
5/17/2024,Taylor Head,Spring,1,Sculpin,Myoxocephalus sp.,BonyFishes,22,,,Juvenile,
5/17/2024,Taylor Head,Spring,1,Mysid,Mysidacea,Crustaceans,,41,,,
5/17/2024,Taylor Head,Spring,1,Mysid,Mysidacea,Crustaceans,,42,,,
5/17/2024,Taylor Head,Spring,1,Mysid,Mysidacea,Crustaceans,,43,,,
5/17/2024,Taylor Head,Spring,1,Sculpin,Myoxocephalus sp.,BonyFishes,19,,,Juvenile,
5/17/2024,Taylor Head,Spring,1,Sculpin,Myoxocephalus sp.,BonyFishes,28,,,Juvenile,
5/17/2024,Taylor Head,Spring,1,American Eel,Anguilla rostrata,BonyFishes,NA,NA,,Glass eel,
5/17/2024,Taylor Head,Spring,1,Periwinkle,Littorina sp.,Snails,NA,NA,,,
5/17/2024,Taylor Head,Spring,1,Amphipod,Amphipoda,Crustaceans,,44,,,
5/17/2024,Taylor Head,Spring,1,Mysid,Mysidacea,Crustaceans,,45,,,
5/17/2024,Taylor Head,Spring,1,Caprellidae,Caprella sp.,Crustaceans,,46,,,
5/17/2024,Taylor Head,Spring,2,Tomcod,Microgadus tomcod,BonyFishes,41,47,,,
5/17/2024,Taylor Head,Spring,2,Tomcod,Microgadus tomcod,BonyFishes,51,48,,,
5/17/2024,Taylor Head,Spring,2,Tomcod,Microgadus tomcod,BonyFishes,52,49,,,
5/17/2024,Taylor Head,Spring,2,Tomcod,Microgadus tomcod,BonyFishes,19,50,,,
5/17/2024,Taylor Head,Spring,2,Tomcod,Microgadus tomcod,BonyFishes,31,51,,,
5/17/2024,Taylor Head,Spring,2,Tomcod,Microgadus tomcod,BonyFishes,41,52,,,
5/17/2024,Taylor Head,Spring,2,Tomcod,Microgadus tomcod,BonyFishes,35,53,,,
5/17/2024,Taylor Head,Spring,2,Tomcod,Microgadus tomcod,BonyFishes,44,54,,,
5/17/2024,Taylor Head,Spring,2,Tomcod,Microgadus tomcod,BonyFishes,42,55,,,
5/17/2024,Taylor Head,Spring,2,Tomcod,Microgadus tomcod,BonyFishes,33,56,,,
5/17/2024,Taylor Head,Spring,2,Tomcod,Microgadus tomcod,BonyFishes,23,57,,,
5/17/2024,Taylor Head,Spring,2,Tomcod,Microgadus tomcod,BonyFishes,19,58,,,
5/17/2024,Taylor Head,Spring,2,Tomcod,Microgadus tomcod,BonyFishes,28,59,,,
5/17/2024,Taylor Head,Spring,2,Mysid,Mysidacea,Crustaceans,NA,60,,,
5/17/2024,Taylor Head,Spring,2,Isopod,Idotea balthica,Crustaceans,NA,61,,,
5/17/2024,Taylor Head,Spring,2,Isopod,Idotea balthica,Crustaceans,NA,62,,,
5/17/2024,Taylor Head,Spring,2,Isopod,Idotea balthica,Crustaceans,NA,63,,,
5/17/2024,Taylor Head,Spring,2,Isopod,Idotea balthica,Crustaceans,NA,64,,,
5/17/2024,Taylor Head,Spring,2,Tomcod,Microgadus tomcod,BonyFishes,31,65,,,
5/17/2024,Taylor Head,Spring,2,Tomcod,Microgadus tomcod,BonyFishes,36,66,,,
5/17/2024,Taylor Head,Spring,2,Tomcod,Microgadus tomcod,BonyFishes,40,67,,,
5/17/2024,Taylor Head,Spring,2,Mysid,Mysidacea,Crustaceans,NA,68,,,
5/17/2024,Taylor Head,Spring,2,Tomcod,Microgadus tomcod,BonyFishes,45,69,,,
5/17/2024,Taylor Head,Spring,2,Tomcod,Microgadus tomcod,BonyFishes,59,70,,,
5/17/2024,Taylor Head,Spring,2,Tomcod,Microgadus tomcod,BonyFishes,36,71,,,
5/17/2024,Taylor Head,Spring,2,Tomcod,Microgadus tomcod,BonyFishes,58,72,,,
5/17/2024,Taylor Head,Spring,2,Tomcod,Microgadus tomcod,BonyFishes,21,73,,,
5/17/2024,Taylor Head,Spring,2,Tomcod,Microgadus tomcod,BonyFishes,48,74,,,
5/17/2024,Taylor Head,Spring,2,Tomcod,Microgadus tomcod,BonyFishes,56,75,,,
5/17/2024,Taylor Head,Spring,2,Tomcod,Microgadus tomcod,BonyFishes,53,76,,,
5/17/2024,Taylor Head,Spring,2,Tomcod,Microgadus tomcod,BonyFishes,33,77,,,
5/17/2024,Taylor Head,Spring,2,Tomcod,Microgadus tomcod,BonyFishes,31,78,,,
5/17/2024,Taylor Head,Spring,2,Sculpin,Microgadus tomcod,BonyFishes,61,79,,,
5/17/2024,Taylor Head,Spring,2,Tomcod,Microgadus tomcod,BonyFishes,27,80,,,
5/17/2024,Taylor Head,Spring,2,Tomcod,Microgadus tomcod,BonyFishes,56,81,,,
5/17/2024,Taylor Head,Spring,2,Tomcod,Microgadus tomcod,BonyFishes,53,82,,,
5/17/2024,Taylor Head,Spring,2,Tomcod,Microgadus tomcod,BonyFishes,45,83,,,
5/17/2024,Taylor Head,Spring,2,Isopod,Idotea balthica,Crustaceans,,84,,,
5/17/2024,Taylor Head,Spring,2,Mysid (bulk),Mysidacea,Crustaceans,,85,,,
5/17/2024,Taylor Head,Spring,2,Amphipod (bulk),Amphipoda,Crustaceans,,86,,,
5/17/2024,Taylor Head,Spring,2,Tomcod,Microgadus tomcod,BonyFishes,28,87,,,
5/17/2024,Taylor Head,Spring,2,Tomcod (bulk),Microgadus tomcod,BonyFishes,NA,,,,
5/17/2024,Taylor Head,Spring,2,American Eel,Anguilla rostrata,BonyFishes,NA,NA,,Glass eels (several),
5/17/2024,Taylor Head,Spring,2,Sculpin (bulk),Myoxocephalus sp.,BonyFishes,NA,,,,
5/17/2024,Taylor Head,Spring,2,Sculpin,Myoxocephalus sp.,BonyFishes,21,,,,
5/17/2024,Taylor Head,Spring,2,Sculpin,Myoxocephalus sp.,BonyFishes,23,,,,
5/17/2024,Taylor Head,Spring,2,Sculpin,Myoxocephalus sp.,BonyFishes,24,,,,
5/17/2024,Taylor Head,Spring,2,Sculpin,Myoxocephalus sp.,BonyFishes,25,,,,
5/17/2024,Taylor Head,Spring,2,Sculpin,Myoxocephalus sp.,BonyFishes,27,,,,
5/17/2024,Taylor Head,Spring,2,Sculpin,Myoxocephalus sp.,BonyFishes,28,,,,
5/17/2024,Taylor Head,Spring,2,Sculpin,Myoxocephalus sp.,BonyFishes,22,,,,
5/17/2024,Taylor Head,Spring,2,Sculpin,Myoxocephalus sp.,BonyFishes,23,,,,
5/17/2024,Taylor Head,Spring,2,Sculpin,Myoxocephalus sp.,BonyFishes,22,,,,
5/17/2024,Taylor Head,Spring,2,Sculpin,Myoxocephalus sp.,BonyFishes,26,,,,
5/17/2024,Taylor Head,Spring,2,Sculpin,Myoxocephalus sp.,BonyFishes,24,88,,,
5/17/2024,Taylor Head,Spring,2,Sculpin,Myoxocephalus sp.,BonyFishes,24,,,,
5/17/2024,Taylor Head,Spring,2,Sculpin,Myoxocephalus sp.,BonyFishes,26,,,,
5/17/2024,Taylor Head,Spring,2,Sculpin,Myoxocephalus sp.,BonyFishes,26,,,,
5/17/2024,Taylor Head,Spring,2,Sculpin,Myoxocephalus sp.,BonyFishes,26,,,,
5/17/2024,Taylor Head,Spring,2,Sculpin,Myoxocephalus sp.,BonyFishes,25,,,,
5/17/2024,Taylor Head,Spring,2,Sculpin,Myoxocephalus sp.,BonyFishes,22,,,,
5/17/2024,Taylor Head,Spring,2,Sculpin,Myoxocephalus sp.,BonyFishes,24,,,,
5/17/2024,Taylor Head,Spring,2,Sculpin,Myoxocephalus sp.,BonyFishes,25,,,,
5/17/2024,Taylor Head,Spring,2,Sculpin,Myoxocephalus sp.,BonyFishes,26,,,,
5/17/2024,Taylor Head,Spring,2,Sculpin,Myoxocephalus sp.,BonyFishes,25,,,,
5/17/2024,Taylor Head,Spring,2,Sculpin,Myoxocephalus sp.,BonyFishes,22,,,,
5/17/2024,Taylor Head,Spring,2,Sculpin,Myoxocephalus sp.,BonyFishes,21,,,,
5/17/2024,Taylor Head,Spring,2,Sculpin,Myoxocephalus sp.,BonyFishes,23,,,,
5/17/2024,Taylor Head,Spring,2,Sculpin,Myoxocephalus sp.,BonyFishes,26,,,,
5/17/2024,Taylor Head,Spring,2,Sculpin,Myoxocephalus sp.,BonyFishes,23,,,,
5/17/2024,Taylor Head,Spring,2,Sculpin,Myoxocephalus sp.,BonyFishes,28,,,,
5/17/2024,Taylor Head,Spring,2,Sculpin,Myoxocephalus sp.,BonyFishes,22,,,,
5/17/2024,Taylor Head,Spring,2,Sculpin,Myoxocephalus sp.,BonyFishes,19,,,,
5/17/2024,Taylor Head,Spring,2,Sculpin,Myoxocephalus sp.,BonyFishes,21,,,,
5/17/2024,Taylor Head,Spring,2,Sculpin,Myoxocephalus sp.,BonyFishes,24,,,,
5/17/2024,Taylor Head,Spring,2,Sculpin,Myoxocephalus sp.,BonyFishes,25,,,,
5/17/2024,Taylor Head,Spring,2,Sculpin,Myoxocephalus sp.,BonyFishes,23,,,,
5/17/2024,Taylor Head,Spring,2,Sand Shrimp,Crangon septimspinosa,Crustaceans,,89,,,
5/17/2024,Taylor Head,Spring,2,Amphipod,Amphipoda,Crustaceans,,90,,,
5/17/2024,Taylor Head,Spring,2,Tomcod,Microgadus tomcod,BonyFishes,31,91,,,
5/17/2024,Taylor Head,Spring,2,Sand Shrimp,Crangon septimspinosa,Crustaceans,,92,,,
5/17/2024,Taylor Head,Spring,2,Tomcod,Microgadus tomcod,BonyFishes,31,93,,,
5/17/2024,Taylor Head,Spring,2,Polychaete,Polychaeta,Annelids,,94,,,
5/17/2024,Taylor Head,Spring,2,Sand Shrimp,Crangon septimspinosa,Crustaceans,,95,,,
5/17/2024,Taylor Head,Spring,2,Sand Shrimp,Crangon septimspinosa,Crustaceans,,96,,,
5/17/2024,Taylor Head,Spring,2,Sand Shrimp,Crangon septimspinosa,Crustaceans,,97,,,
5/17/2024,Taylor Head,Spring,2,Sand Shrimp,Crangon septimspinosa,Crustaceans,,98,,,
5/17/2024,Taylor Head,Spring,2,Sand Shrimp,Crangon septimspinosa,Crustaceans,,,,,
5/17/2024,Taylor Head,Spring,2,Amphipod,Amphipoda,Crustaceans,,99,,,
5/17/2024,Taylor Head,Spring,2,Mysid,Mysidacea,Crustaceans,,100,,,
5/17/2024,Taylor Head,Spring,2,Isopod,Idotea balthica,Crustaceans,,101,,,
5/17/2024,Taylor Head,Spring,2,Sand Shrimp,Crangon septimspinosa,Crustaceans,,102,,,
5/21/2024,Moosehead,Spring,1,Tomcod,Microgadus tomcod,BonyFishes,25,1,,,
5/21/2024,Moosehead,Spring,1,Tomcod,Microgadus tomcod,BonyFishes,26,,,,
5/21/2024,Moosehead,Spring,1,Tomcod,Microgadus tomcod,BonyFishes,24,2,,,
5/21/2024,Moosehead,Spring,1,Tomcod,Microgadus tomcod,BonyFishes,25,3,,,
5/21/2024,Moosehead,Spring,1,Tomcod,Microgadus tomcod,BonyFishes,21,4,,,
5/21/2024,Moosehead,Spring,1,Tomcod,Microgadus tomcod,BonyFishes,27,5,,,
5/21/2024,Moosehead,Spring,1,Tomcod,Microgadus tomcod,BonyFishes,24,6,,,
5/21/2024,Moosehead,Spring,1,Tomcod,Microgadus tomcod,BonyFishes,22,7,,,
5/21/2024,Moosehead,Spring,1,Tomcod,Microgadus tomcod,BonyFishes,21,8,,,
5/21/2024,Moosehead,Spring,1,Tomcod,Microgadus tomcod,BonyFishes,25,9,,,
5/21/2024,Moosehead,Spring,1,Tomcod,Microgadus tomcod,BonyFishes,26,10,,,
5/21/2024,Moosehead,Spring,1,Tomcod,Microgadus tomcod,BonyFishes,25,11,,,
5/21/2024,Moosehead,Spring,1,Tomcod,Microgadus tomcod,BonyFishes,26,12,,,
5/21/2024,Moosehead,Spring,1,Tomcod,Microgadus tomcod,BonyFishes,18,13,,,
5/21/2024,Moosehead,Spring,1,Tomcod,Microgadus tomcod,BonyFishes,24,14,,,
5/21/2024,Moosehead,Spring,1,Tomcod,Microgadus tomcod,BonyFishes,25,15,,,
5/21/2024,Moosehead,Spring,1,Tomcod,Microgadus tomcod,BonyFishes,20,16,,,
5/21/2024,Moosehead,Spring,1,Tomcod,Microgadus tomcod,BonyFishes,22,17,,,
5/21/2024,Moosehead,Spring,1,Tomcod,Microgadus tomcod,BonyFishes,26,18,,,
5/21/2024,Moosehead,Spring,1,Tomcod,Microgadus tomcod,BonyFishes,22,19,,,
5/21/2024,Moosehead,Spring,1,Tomcod,Microgadus tomcod,BonyFishes,24,20,,,
5/21/2024,Moosehead,Spring,1,Tomcod,Microgadus tomcod,BonyFishes,21,21,,,
5/21/2024,Moosehead,Spring,1,Tomcod,Microgadus tomcod,BonyFishes,25,22,,,
5/21/2024,Moosehead,Spring,1,Tomcod,Microgadus tomcod,BonyFishes,20,23,,,
5/21/2024,Moosehead,Spring,1,Tomcod,Microgadus tomcod,BonyFishes,25,24,,,
5/21/2024,Moosehead,Spring,1,Tomcod,Microgadus tomcod,BonyFishes,25,25,,,
5/21/2024,Moosehead,Spring,1,Tomcod,Microgadus tomcod,BonyFishes,25,26,,,
5/21/2024,Moosehead,Spring,1,Tomcod,Microgadus tomcod,BonyFishes,18,27,,,
5/21/2024,Moosehead,Spring,1,Tomcod,Microgadus tomcod,BonyFishes,22,28,,,
5/21/2024,Moosehead,Spring,1,Tomcod,Microgadus tomcod,BonyFishes,23,29,,,
5/21/2024,Moosehead,Spring,1,Tomcod,Microgadus tomcod,BonyFishes,26,30,,,
5/21/2024,Moosehead,Spring,1,Tomcod,Microgadus tomcod,BonyFishes,23,31,,,
5/21/2024,Moosehead,Spring,1,Tomcod,Microgadus tomcod,BonyFishes,21,32,,,
5/21/2024,Moosehead,Spring,1,Tomcod,Microgadus tomcod,BonyFishes,20,33,,,
5/21/2024,Moosehead,Spring,1,Tomcod,Microgadus tomcod,BonyFishes,25,34,,,
5/21/2024,Moosehead,Spring,1,Tomcod,Microgadus tomcod,BonyFishes,25,35,,,
5/21/2024,Moosehead,Spring,1,Tomcod,Microgadus tomcod,BonyFishes,25,36,,,
5/21/2024,Moosehead,Spring,1,Tomcod,Microgadus tomcod,BonyFishes,25,37,,,
5/21/2024,Moosehead,Spring,1,Tomcod,Microgadus tomcod,BonyFishes,25,38,,,
5/21/2024,Moosehead,Spring,1,Tomcod,Microgadus tomcod,BonyFishes,25,39,,,
5/21/2024,Moosehead,Spring,1,Tomcod (bulk),Microgadus tomcod,BonyFishes,NA,NA,,,
5/21/2024,Moosehead,Spring,1,Atlantic Silverside,Menidia menidia,BonyFishes,93,,,,
5/21/2024,Moosehead,Spring,1,American Eel,Anguilla rostrata,BonyFishes,45,,,Glass eel,
5/21/2024,Moosehead,Spring,1,American Eel,Anguilla rostrata,BonyFishes,40,,,Glass eel,
5/21/2024,Moosehead,Spring,1,American Eel,Anguilla rostrata,BonyFishes,40,,,Glass eel,
5/21/2024,Moosehead,Spring,1,American Eel,Anguilla rostrata,BonyFishes,40,,,Glass eel,
5/21/2024,Moosehead,Spring,1,Sculpin,Myoxocephalus sp.,BonyFishes,21,,,Juvenile,
5/21/2024,Moosehead,Spring,1,Tomcod,Microgadus tomcod,BonyFishes,25,40,,,
5/17/2024,Moosehead,Spring,1,Tomcod,Microgadus tomcod,BonyFishes,22,41,,,
5/17/2024,Moosehead,Spring,1,Tomcod,Microgadus tomcod,BonyFishes,29,42,,,
5/17/2024,Moosehead,Spring,1,Tomcod,Microgadus tomcod,BonyFishes,26,43,,,
5/17/2024,Moosehead,Spring,1,Tomcod,Microgadus tomcod,BonyFishes,24,44,,,
5/17/2024,Moosehead,Spring,1,Tomcod,Microgadus tomcod,BonyFishes,23,45,,,
5/17/2024,Moosehead,Spring,1,Tomcod,Microgadus tomcod,BonyFishes,21,46,,,
5/17/2024,Moosehead,Spring,1,Tomcod,Microgadus tomcod,BonyFishes,28,47,,,
5/17/2024,Moosehead,Spring,1,Tomcod,Microgadus tomcod,BonyFishes,23,48,,,
5/17/2024,Moosehead,Spring,1,Tomcod,Microgadus tomcod,BonyFishes,23,49,,,
5/17/2024,Moosehead,Spring,1,Tomcod,Microgadus tomcod,BonyFishes,24,50,,,
5/17/2024,Moosehead,Spring,1,Isopod,Idotea balthica,Crustaceans,,51,,,
5/17/2024,Moosehead,Spring,1,Mysid,Mysidacea,Crustaceans,,52,,,
5/17/2024,Moosehead,Spring,1,Mysid,Mysidacea,Crustaceans,,53,,,
5/17/2024,Moosehead,Spring,1,Mysid,Mysidacea,Crustaceans,,54,,,
5/17/2024,Moosehead,Spring,1,Mysid,Mysidacea,Crustaceans,,55,,,
5/17/2024,Moosehead,Spring,1,Mysid,Mysidacea,Crustaceans,,56,,,
5/17/2024,Moosehead,Spring,1,Isopod,Mysidacea,Crustaceans,,57,,,
5/17/2024,Moosehead,Spring,2,Tomcod,Microgadus tomcod,BonyFishes,23,,,,
5/17/2024,Moosehead,Spring,2,Sculpin,Myoxocephalus sp.,BonyFishes,28,58,,,
5/17/2024,Moosehead,Spring,2,Sea Raven,Hemitripterus americanus,BonyFishes,34,59,,Juvenile,
5/17/2024,Moosehead,Spring,2,Sea Raven,Hemitripterus americanus,BonyFishes,37,60,,Juvenile,
5/17/2024,Moosehead,Spring,2,Tomcod,Microgadus tomcod,BonyFishes,52,61,,,
5/17/2024,Moosehead,Spring,2,Tomcod,Microgadus tomcod,BonyFishes,47,62,,,
5/17/2024,Moosehead,Spring,2,Tomcod,Microgadus tomcod,BonyFishes,39,63,,,
5/17/2024,Moosehead,Spring,2,Tomcod,Microgadus tomcod,BonyFishes,43,64,,,
5/17/2024,Moosehead,Spring,2,Tomcod,Microgadus tomcod,BonyFishes,52,65,,,
5/17/2024,Moosehead,Spring,2,Tomcod,Microgadus tomcod,BonyFishes,46,66,,,
5/17/2024,Moosehead,Spring,2,Tomcod,Microgadus tomcod,BonyFishes,45,67,,,
5/17/2024,Moosehead,Spring,2,Tomcod,Microgadus tomcod,BonyFishes,46,68,,,
5/17/2024,Moosehead,Spring,2,Tomcod,Microgadus tomcod,BonyFishes,54,69,,,
5/17/2024,Moosehead,Spring,2,Tomcod,Microgadus tomcod,BonyFishes,51,70,,,
5/17/2024,Moosehead,Spring,2,Tomcod (bulk),Microgadus tomcod,BonyFishes,NA,NA,,,
5/17/2024,Moosehead,Spring,2,Sea Raven,Hemitripterus americanus,BonyFishes,38,71,,,
5/17/2024,Moosehead,Spring,2,Winter Flounder,Pseudopleuronectes americanus,BonyFishes,42,72,,,
5/17/2024,Moosehead,Spring,2,Sculpin,Myoxocephalus sp.,BonyFishes,30,,,,
5/17/2024,Moosehead,Spring,2,Sculpin,Myoxocephalus sp.,BonyFishes,28,,,,
5/17/2024,Moosehead,Spring,2,Sculpin,Myoxocephalus sp.,BonyFishes,37,,,,
5/17/2024,Moosehead,Spring,2,Sculpin,Myoxocephalus sp.,BonyFishes,25,,,,
5/17/2024,Moosehead,Spring,2,Amphipod,Amphipoda,Crustaceans,,73,,,
5/17/2024,Moosehead,Spring,2,Sand Shrimp,Crangon septimspinosa,Crustaceans,,74,,,
5/17/2024,Moosehead,Spring,2,Sand Shrimp,Crangon septimspinosa,Crustaceans,,75,,,
5/17/2024,Moosehead,Spring,2,Sand Shrimp,Crangon septimspinosa,Crustaceans,,76,,,
5/17/2024,Moosehead,Spring,2,Sand Shrimp,Crangon septimspinosa,Crustaceans,,77,,,
7/2/2024,Conrods Beach,Summer,1,Sea Raven,Hemitripterus americanus,BonyFishes,,1,Y,,
7/2/2024,Conrods Beach,Summer,1,Atlantic Herring,Clupea harengus,BonyFishes,41,2,Y,,
7/2/2024,Conrods Beach,Summer,1,Tomcod,Microgadus tomcod,BonyFishes,55,3,,,
7/2/2024,Conrods Beach,Summer,1,Atlantic Herring,Clupea harengus,BonyFishes,45,4,,,
7/2/2024,Conrods Beach,Summer,1,Atlantic Herring,Clupea harengus,BonyFishes,45,5,,,
7/2/2024,Conrods Beach,Summer,1,White Hake,Urophycis tenuis,BonyFishes,62,6,,,
7/2/2024,Conrods Beach,Summer,1,Atlantic Herring,Clupea harengus,BonyFishes,46,7,,,
7/2/2024,Conrods Beach,Summer,1,Atlantic Herring,Clupea harengus,BonyFishes,44,8,,,
7/2/2024,Conrods Beach,Summer,1,Atlantic Herring,Clupea harengus,BonyFishes,44,9,,,
7/2/2024,Conrods Beach,Summer,1,Tomcod,Microgadus tomcod,BonyFishes,61,10,,,
7/2/2024,Conrods Beach,Summer,1,Atlantic Herring,Clupea harengus,BonyFishes,44,11,,,
7/2/2024,Conrods Beach,Summer,1,Atlantic Herring,Clupea harengus,BonyFishes,44,12,,,
7/2/2024,Conrods Beach,Summer,1,Atlantic Herring,Clupea harengus,BonyFishes,47,13,,,
7/2/2024,Conrods Beach,Summer,1,Atlantic Herring,Clupea harengus,BonyFishes,41,14,,,
7/2/2024,Conrods Beach,Summer,1,Tomcod,Microgadus tomcod,BonyFishes,79,15,,,
7/2/2024,Conrods Beach,Summer,1,Isopod,Idotea balthica,Crustaceans,NA,16,,,
7/2/2024,Conrods Beach,Summer,1,Atlantic Herring,Clupea harengus,BonyFishes,45,17,,,
7/2/2024,Conrods Beach,Summer,1,Atlantic Herring,Clupea harengus,BonyFishes,46,18,,,
7/2/2024,Conrods Beach,Summer,1,Atlantic Herring,Clupea harengus,BonyFishes,43,19,,,
7/2/2024,Conrods Beach,Summer,1,Atlantic Herring,Clupea harengus,BonyFishes,42,20,,,
7/2/2024,Conrods Beach,Summer,1,Atlantic Herring,Clupea harengus,BonyFishes,45,21,,,
7/2/2024,Conrods Beach,Summer,1,White Hake,Urophycis tenuis,BonyFishes,62,22,,,
7/2/2024,Conrods Beach,Summer,1,Tomcod,Microgadus tomcod,BonyFishes,61,23,,,
7/2/2024,Conrods Beach,Summer,1,Atlantic Herring,Clupea harengus,BonyFishes,45,24,,,
7/2/2024,Conrods Beach,Summer,1,Threespine Stickleback,Gasterosteus aculeatus,BonyFishes,36,25,,,
7/2/2024,Conrods Beach,Summer,1,Tomcod,Microgadus tomcod,BonyFishes,66,26,,,
7/2/2024,Conrods Beach,Summer,1,Tomcod,Microgadus tomcod,BonyFishes,74,27,,,
7/2/2024,Conrods Beach,Summer,1,Tomcod,Microgadus tomcod,BonyFishes,75,28,,,
7/2/2024,Conrods Beach,Summer,1,Tomcod,Microgadus tomcod,BonyFishes,53,29,,,
7/2/2024,Conrods Beach,Summer,1,Tomcod,Microgadus tomcod,BonyFishes,81,30,,,
7/2/2024,Conrods Beach,Summer,1,Tomcod,Microgadus tomcod,BonyFishes,66,31,,,
7/2/2024,Conrods Beach,Summer,1,Sandlance,Ammodytes sp.,BonyFishes,32,32,,Opague in colour,
7/2/2024,Conrods Beach,Summer,1,Tomcod,Microgadus tomcod,BonyFishes,57,33,,Crab ate it,
7/2/2024,Conrods Beach,Summer,1,White Hake,Urophycis tenuis,BonyFishes,96,34,,,
7/2/2024,Conrods Beach,Summer,1,Threespine Stickleback,Gasterosteus aculeatus,BonyFishes,33,35,,,
7/2/2024,Conrods Beach,Summer,1,Tomcod,Microgadus tomcod,BonyFishes,67,36,,,
7/2/2024,Conrods Beach,Summer,1,White Hake,Urophycis tenuis,BonyFishes,70,37,,,
7/2/2024,Conrods Beach,Summer,1,Tomcod,Microgadus tomcod,BonyFishes,62,38,,,
7/2/2024,Conrods Beach,Summer,1,Tomcod,Microgadus tomcod,BonyFishes,66,39,,,
7/2/2024,Conrods Beach,Summer,1,Tomcod,Microgadus tomcod,BonyFishes,66,40,,,
7/2/2024,Conrods Beach,Summer,1,Tomcod,Microgadus tomcod,BonyFishes,67,41,,,
7/2/2024,Conrods Beach,Summer,1,Sculpin,Myoxocephalus sp.,BonyFishes,81,42,,,
7/2/2024,Conrods Beach,Summer,1,Sculpin,Myoxocephalus sp.,BonyFishes,71,43,,,
7/2/2024,Conrods Beach,Summer,1,Winter Flounder,Microgadus tomcod,BonyFishes,91,44,,,
7/2/2024,Conrods Beach,Summer,1,Tomcod,Microgadus tomcod,BonyFishes,82,45,,,
7/2/2024,Conrods Beach,Summer,1,Tomcod,Microgadus tomcod,BonyFishes,72,46,,,
7/2/2024,Conrods Beach,Summer,1,Isopod,Idotea balthica,Crustaceans,,47,,,
7/2/2024,Conrods Beach,Summer,1,Tomcod,Microgadus tomcod,BonyFishes,71,48,,,
7/2/2024,Conrods Beach,Summer,1,Tomcod,Microgadus tomcod,BonyFishes,66,49,,,
7/2/2024,Conrods Beach,Summer,1,Tomcod,Microgadus tomcod,BonyFishes,67,50,,,
7/2/2024,Conrods Beach,Summer,1,Tomcod,Microgadus tomcod,BonyFishes,76,51,,,
7/2/2024,Conrods Beach,Summer,1,Tomcod,Microgadus tomcod,BonyFishes,88,52,,,
7/2/2024,Conrods Beach,Summer,1,Mysid,Mysidacea,Crustaceans,NA,53,,,
7/2/2024,Conrods Beach,Summer,1,Tomcod,Microgadus tomcod,BonyFishes,71,54,,,
7/2/2024,Conrods Beach,Summer,1,Tomcod,Microgadus tomcod,BonyFishes,56,55,,,
7/2/2024,Conrods Beach,Summer,1,Tomcod,Microgadus tomcod,BonyFishes,75,56,,,
7/2/2024,Conrods Beach,Summer,1,Tomcod,Microgadus tomcod,BonyFishes,68,57,,,
7/2/2024,Conrods Beach,Summer,1,Tomcod,Microgadus tomcod,BonyFishes,78,,,,
7/2/2024,Conrods Beach,Summer,1,Tomcod,Microgadus tomcod,BonyFishes,56,58,,,
7/2/2024,Conrods Beach,Summer,1,Tomcod,Microgadus tomcod,BonyFishes,76,59,,,
7/2/2024,Conrods Beach,Summer,1,Tomcod,Microgadus tomcod,BonyFishes,71,60,,,
7/2/2024,Conrods Beach,Summer,1,Tomcod,Microgadus tomcod,BonyFishes,61,,,,
7/2/2024,Conrods Beach,Summer,1,Tomcod,Microgadus tomcod,BonyFishes,76,,,,
7/2/2024,Conrods Beach,Summer,1,Tomcod,Microgadus tomcod,BonyFishes,51,,,,
7/2/2024,Conrods Beach,Summer,1,Tomcod,Microgadus tomcod,BonyFishes,66,,,,
7/2/2024,Conrods Beach,Summer,1,Tomcod,Microgadus tomcod,BonyFishes,61,,,,
7/2/2024,Conrods Beach,Summer,1,Tomcod,Microgadus tomcod,BonyFishes,61,,,,
7/2/2024,Conrods Beach,Summer,1,Threespine Stickleback,Gasterosteus aculeatus,BonyFishes,57,61,,,
7/2/2024,Conrods Beach,Summer,1,Tomcod,Microgadus tomcod,BonyFishes,61,,,,
7/2/2024,Conrods Beach,Summer,1,Tomcod,Microgadus tomcod,BonyFishes,62,,,,
7/2/2024,Conrods Beach,Summer,1,Tomcod,Microgadus tomcod,BonyFishes,62,,,,
7/2/2024,Conrods Beach,Summer,1,Tomcod,Microgadus tomcod,BonyFishes,56,,,,
7/2/2024,Conrods Beach,Summer,1,Tomcod (bulk),Microgadus tomcod,BonyFishes,NA,,,,
7/2/2024,Conrods Beach,Summer,1,Sculpin,Myoxocephalus sp.,BonyFishes,42,62,,,
7/2/2024,Conrods Beach,Summer,1,White Hake,Urophycis tenuis,BonyFishes,71,63,,,
7/2/2024,Conrods Beach,Summer,2,Tomcod,Microgadus tomcod,BonyFishes,52,,,,
7/2/2024,Conrods Beach,Summer,2,White Hake,Urophycis tenuis,BonyFishes,66,,,,
7/2/2024,Conrods Beach,Summer,2,Tomcod,Microgadus tomcod,BonyFishes,65,,,,
7/2/2024,Conrods Beach,Summer,2,Winter Flounder,Pseudopleuronectes americanus,BonyFishes,290,64,,,
7/2/2024,Conrods Beach,Summer,2,Atlantic Herring,Clupea harengus,BonyFishes,70,65,,,
7/2/2024,Conrods Beach,Summer,2,Atlantic Herring,Clupea harengus,BonyFishes,67,66,,,
7/2/2024,Conrods Beach,Summer,2,Atlantic Herring,Clupea harengus,BonyFishes,76,67,,,
7/2/2024,Conrods Beach,Summer,2,Atlantic Herring,Clupea harengus,BonyFishes,46,68,,,
7/2/2024,Conrods Beach,Summer,2,Atlantic Herring,Clupea harengus,BonyFishes,44,69,,,
7/2/2024,Conrods Beach,Summer,2,Atlantic Herring,Clupea harengus,BonyFishes,46,70,,,
7/2/2024,Conrods Beach,Summer,2,Atlantic Herring,Clupea harengus,BonyFishes,72,71,,,
7/2/2024,Conrods Beach,Summer,2,Atlantic Herring,Clupea harengus,BonyFishes,76,72,,,
7/2/2024,Conrods Beach,Summer,2,Atlantic Herring,Clupea harengus,BonyFishes,70,,,,
7/2/2024,Conrods Beach,Summer,2,Atlantic Herring,Clupea harengus,BonyFishes,45,73,,,
7/2/2024,Conrods Beach,Summer,2,Atlantic Herring,Clupea harengus,BonyFishes,42,74,,,
7/2/2024,Conrods Beach,Summer,2,Atlantic Herring,Clupea harengus,BonyFishes,43,75,,,
7/2/2024,Conrods Beach,Summer,2,Atlantic Herring,Clupea harengus,BonyFishes,44,76,,,
7/2/2024,Conrods Beach,Summer,2,Atlantic Herring,Clupea harengus,BonyFishes,46,77,,,
7/2/2024,Conrods Beach,Summer,2,Atlantic Herring,Clupea harengus,BonyFishes,46,78,,,
7/2/2024,Conrods Beach,Summer,2,Atlantic Herring,Clupea harengus,BonyFishes,48,79,,,
7/2/2024,Conrods Beach,Summer,2,Atlantic Herring,Clupea harengus,BonyFishes,46,,,,
7/2/2024,Conrods Beach,Summer,2,Atlantic Herring,Clupea harengus,BonyFishes,42,,,,
7/2/2024,Conrods Beach,Summer,2,Atlantic Herring,Clupea harengus,BonyFishes,46,,,,
7/2/2024,Conrods Beach,Summer,2,Atlantic Herring,Clupea harengus,BonyFishes,47,,,,
7/2/2024,Conrods Beach,Summer,2,Atlantic Herring,Clupea harengus,BonyFishes,46,,,,
7/2/2024,Conrods Beach,Summer,2,Atlantic Herring,Clupea harengus,BonyFishes,42,,,,
7/2/2024,Conrods Beach,Summer,2,Atlantic Herring,Clupea harengus,BonyFishes,61,,,,
7/2/2024,Conrods Beach,Summer,2,Atlantic Herring,Clupea harengus,BonyFishes,42,,,,
7/2/2024,Conrods Beach,Summer,2,Atlantic Herring,Clupea harengus,BonyFishes,42,,,,
7/2/2024,Conrods Beach,Summer,2,Atlantic Herring,Clupea harengus,BonyFishes,62,,,,
7/2/2024,Conrods Beach,Summer,2,Sculpin,Myoxocephalus sp.,BonyFishes,27,80,,,
7/2/2024,Conrods Beach,Summer,2,Sea Raven,Hemitripterus americanus,BonyFishes,31,81,,,
7/2/2024,Conrods Beach,Summer,2,Rock Gunnel,Pholis sp.,BonyFishes,120,82,,,
7/2/2024,Conrods Beach,Summer,2,Winter Flounder,Pseudopleuronectes americanus,BonyFishes,112,83,,,
7/2/2024,Conrods Beach,Summer,2,Threespine Stickleback,Gasterosteus aculeatus,BonyFishes,28,84,,,
7/2/2024,Conrods Beach,Summer,2,Tomcod (bulk),Microgadus tomcod,BonyFishes,NA,NA,,,
7/2/2024,Conrods Beach,Summer,2,Atlantic Herring (bulk),Clupea harengus,BonyFishes,NA,NA,,,
7/2/2024,Conrods Beach,Summer,2,Threespine Stickleback,Gasterosteus aculeatus,BonyFishes,29,85,,,
7/2/2024,Conrods Beach,Summer,2,Pollock,Pollachius pollachius,BonyFishes,71,86,,,
7/2/2024,Conrods Beach,Summer,2,Sculpin,Myoxocephalus sp.,BonyFishes,72,87,,,
7/2/2024,Conrods Beach,Summer,2,Rock Gunnel,Pholis sp.,BonyFishes,121,88,,,
7/3/2024,Owls Head,Summer,1,White Hake,Urophycis tenuis,BonyFishes,70,1,,,
7/3/2024,Owls Head,Summer,1,Tomcod,Microgadus tomcod,BonyFishes,60,2,,,
7/3/2024,Owls Head,Summer,1,Tomcod,Microgadus tomcod,BonyFishes,62,3,,,
7/3/2024,Owls Head,Summer,1,Tomcod,Microgadus tomcod,BonyFishes,50,4,,,
7/3/2024,Owls Head,Summer,1,Tomcod,Microgadus tomcod,BonyFishes,54,5,,,
7/3/2024,Owls Head,Summer,1,Sculpin,Myoxocephalus sp.,BonyFishes,20,6,,,
7/3/2024,Owls Head,Summer,1,Sculpin,Myoxocephalus sp.,BonyFishes,21,7,,,
7/3/2024,Owls Head,Summer,1,Tomcod,Microgadus tomcod,BonyFishes,40,8,,,
7/3/2024,Owls Head,Summer,1,Tomcod,Microgadus tomcod,BonyFishes,52,9,,,
7/3/2024,Owls Head,Summer,1,White Hake,Urophycis tenuis,BonyFishes,72,10,,,
7/3/2024,Owls Head,Summer,1,Tomcod,Microgadus tomcod,BonyFishes,45,11,,,
7/3/2024,Owls Head,Summer,1,Sculpin,Myoxocephalus sp.,BonyFishes,60,12,,,
7/3/2024,Owls Head,Summer,1,Sculpin,Myoxocephalus sp.,BonyFishes,22,13,,,
7/3/2024,Owls Head,Summer,1,Threespine Stickleback,Gasterosteus aculeatus,BonyFishes,32,14,,,
7/3/2024,Owls Head,Summer,2,Threespine Stickleback,Gasterosteus aculeatus,BonyFishes,27,15,,,
7/3/2024,Owls Head,Summer,2,Threespine Stickleback,Gasterosteus aculeatus,BonyFishes,29,16,,,
7/3/2024,Owls Head,Summer,2,Threespine Stickleback,Gasterosteus aculeatus,BonyFishes,35,17,,,
7/3/2024,Owls Head,Summer,2,Threespine Stickleback,Gasterosteus aculeatus,BonyFishes,35,18,,,
7/3/2024,Owls Head,Summer,2,Threespine Stickleback,Gasterosteus aculeatus,BonyFishes,35,19,,,
7/3/2024,Owls Head,Summer,2,Threespine Stickleback,Gasterosteus aculeatus,BonyFishes,36,20,,,
7/3/2024,Owls Head,Summer,2,Threespine Stickleback,Gasterosteus aculeatus,BonyFishes,31,21,,,
7/3/2024,Owls Head,Summer,2,Threespine Stickleback,Gasterosteus aculeatus,BonyFishes,26,22,,,
7/3/2024,Owls Head,Summer,2,Threespine Stickleback,Gasterosteus aculeatus,BonyFishes,28,23,,,
7/3/2024,Owls Head,Summer,2,Threespine Stickleback,Gasterosteus aculeatus,BonyFishes,35,24,,,
7/3/2024,Owls Head,Summer,2,Threespine Stickleback,Gasterosteus aculeatus,BonyFishes,24,25,,,
7/3/2024,Owls Head,Summer,2,Threespine Stickleback,Gasterosteus aculeatus,BonyFishes,29,26,,,
7/3/2024,Owls Head,Summer,2,Threespine Stickleback,Gasterosteus aculeatus,BonyFishes,28,27,,,
7/3/2024,Owls Head,Summer,2,Threespine Stickleback,Gasterosteus aculeatus,BonyFishes,27,28,,,
7/3/2024,Owls Head,Summer,2,Threespine Stickleback,Gasterosteus aculeatus,BonyFishes,26,29,,,
7/3/2024,Owls Head,Summer,2,Threespine Stickleback,Gasterosteus aculeatus,BonyFishes,27,30,,,
7/3/2024,Owls Head,Summer,2,Threespine Stickleback,Gasterosteus aculeatus,BonyFishes,40,31,,,
7/3/2024,Owls Head,Summer,2,Threespine Stickleback,Gasterosteus aculeatus,BonyFishes,29,32,,,
7/3/2024,Owls Head,Summer,2,Threespine Stickleback,Gasterosteus aculeatus,BonyFishes,32,33,,,
7/3/2024,Owls Head,Summer,2,Threespine Stickleback,Gasterosteus aculeatus,BonyFishes,31,34,,,
7/3/2024,Owls Head,Summer,2,Threespine Stickleback,Gasterosteus aculeatus,BonyFishes,31,35,,,
7/3/2024,Owls Head,Summer,2,Threespine Stickleback,Gasterosteus aculeatus,BonyFishes,32,36,,,
7/3/2024,Owls Head,Summer,2,Threespine Stickleback,Gasterosteus aculeatus,BonyFishes,28,37,,,
7/3/2024,Owls Head,Summer,2,Threespine Stickleback,Gasterosteus aculeatus,BonyFishes,32,38,,,
7/3/2024,Owls Head,Summer,2,Threespine Stickleback,Gasterosteus aculeatus,BonyFishes,26,39,,,
7/3/2024,Owls Head,Summer,2,Threespine Stickleback,Gasterosteus aculeatus,BonyFishes,41,40,,,
7/3/2024,Owls Head,Summer,2,Threespine Stickleback,Gasterosteus aculeatus,BonyFishes,38,41,,,
7/3/2024,Owls Head,Summer,2,Threespine Stickleback,Gasterosteus aculeatus,BonyFishes,20,42,,,
7/3/2024,Owls Head,Summer,2,Threespine Stickleback,Gasterosteus aculeatus,BonyFishes,27,43,,,
7/3/2024,Owls Head,Summer,2,Threespine Stickleback,Gasterosteus aculeatus,BonyFishes,28,44,,,
7/3/2024,Owls Head,Summer,2,Threespine Stickleback,Gasterosteus aculeatus,BonyFishes,31,45,,,
7/3/2024,Owls Head,Summer,2,Threespine Stickleback,Gasterosteus aculeatus,BonyFishes,28,,,,
7/3/2024,Owls Head,Summer,2,Threespine Stickleback,Gasterosteus aculeatus,BonyFishes,17,,,,
7/3/2024,Owls Head,Summer,2,Threespine Stickleback,Gasterosteus aculeatus,BonyFishes,42,,,,
7/3/2024,Owls Head,Summer,2,Threespine Stickleback,Gasterosteus aculeatus,BonyFishes,38,,,,
7/3/2024,Owls Head,Summer,2,Threespine Stickleback,Gasterosteus aculeatus,BonyFishes,29,,,,
7/3/2024,Owls Head,Summer,2,Threespine Stickleback (bulk),Gasterosteus aculeatus,BonyFishes,,,,,
7/3/2024,Owls Head,Summer,2,White Hake,Urophycis tenuis,BonyFishes,92,46,,,
7/3/2024,Owls Head,Summer,2,White Hake,Urophycis tenuis,BonyFishes,61,47,,,
7/3/2024,Owls Head,Summer,2,White Hake,Urophycis tenuis,BonyFishes,72,48,,,
7/3/2024,Owls Head,Summer,2,White Hake,Urophycis tenuis,BonyFishes,61,49,,,
7/3/2024,Owls Head,Summer,2,Sculpin,Myoxocephalus sp.,BonyFishes,42,50,,,
7/3/2024,Owls Head,Summer,2,Threespine Stickleback,Gasterosteus aculeatus,BonyFishes,65,51,,,
7/3/2024,Owls Head,Summer,2,White Hake,Urophycis tenuis,BonyFishes,72,52,,,
7/3/2024,Owls Head,Summer,2,White Hake,Urophycis tenuis,BonyFishes,75,53,,,
7/3/2024,Owls Head,Summer,2,White Hake,Urophycis tenuis,BonyFishes,63,54,,,
7/3/2024,Owls Head,Summer,2,Tomcod,Microgadus tomcod,BonyFishes,56,55,,,
7/3/2024,Owls Head,Summer,2,Winter Flounder,Pseudopleuronectes americanus,BonyFishes,110,56,,,
7/3/2024,Owls Head,Summer,2,Tomcod,Microgadus tomcod,BonyFishes,56,57,,,
7/3/2024,Owls Head,Summer,2,Tomcod,Microgadus tomcod,BonyFishes,72,58,,,
7/3/2024,Owls Head,Summer,2,Winter Flounder,Pseudopleuronectes americanus,BonyFishes,92,59,,,
7/3/2024,Owls Head,Summer,2,Sculpin,Myoxocephalus sp.,BonyFishes,24,60,,,
7/3/2024,Owls Head,Summer,2,Tomcod,Microgadus tomcod,BonyFishes,46,61,,,
7/3/2024,Owls Head,Summer,2,White Hake,Urophycis tenuis,BonyFishes,53,62,,,
7/3/2024,Owls Head,Summer,2,Tomcod,Microgadus tomcod,BonyFishes,48,63,,,
7/3/2024,Owls Head,Summer,2,Tomcod,Microgadus tomcod,BonyFishes,56,64,,,
7/3/2024,Owls Head,Summer,2,Tomcod,Microgadus tomcod,BonyFishes,46,65,,,
7/3/2024,Owls Head,Summer,2,White Hake,Urophycis tenuis,BonyFishes,62,66,,,
7/3/2024,Owls Head,Summer,2,Tomcod,Microgadus tomcod,BonyFishes,72,67,,,
7/3/2024,Owls Head,Summer,2,Tomcod,Microgadus tomcod,BonyFishes,58,68,,,
7/3/2024,Owls Head,Summer,2,White Hake,Urophycis tenuis,BonyFishes,72,69,,,
7/3/2024,Owls Head,Summer,2,Tomcod,Microgadus tomcod,BonyFishes,59,70,,,
7/3/2024,Owls Head,Summer,2,Tomcod,Microgadus tomcod,BonyFishes,48,71,,,
7/3/2024,Owls Head,Summer,2,Tomcod,Microgadus tomcod,BonyFishes,65,72,,,
7/3/2024,Owls Head,Summer,2,Sculpin,Myoxocephalus sp.,BonyFishes,41,73,,,
7/3/2024,Owls Head,Summer,2,Tomcod,Microgadus tomcod,BonyFishes,61,74,,,
7/3/2024,Owls Head,Summer,2,Tomcod,Microgadus tomcod,BonyFishes,63,75,,,
7/3/2024,Owls Head,Summer,2,Tomcod,Microgadus tomcod,BonyFishes,71,76,,,
7/3/2024,Owls Head,Summer,2,Sculpin,Myoxocephalus sp.,BonyFishes,61,77,,,
7/3/2024,Owls Head,Summer,2,Sculpin,Myoxocephalus sp.,BonyFishes,25,78,,,
7/3/2024,Owls Head,Summer,2,Sculpin,Myoxocephalus sp.,BonyFishes,22,79,,,
7/3/2024,Owls Head,Summer,2,Sculpin,Myoxocephalus sp.,BonyFishes,21,80,,,
7/3/2024,Owls Head,Summer,2,Tomcod,Microgadus tomcod,BonyFishes,49,81,,,
7/3/2024,Owls Head,Summer,2,Rock Gunnel,Pholis sp.,BonyFishes,89,82,,,
7/3/2024,Owls Head,Summer,2,Sculpin,Myoxocephalus sp.,BonyFishes,41,83,,,
7/3/2024,Owls Head,Summer,2,Sculpin,Myoxocephalus sp.,BonyFishes,31,84,,,
7/3/2024,Owls Head,Summer,2,Tomcod,Microgadus tomcod,BonyFishes,54,85,,,
7/3/2024,Owls Head,Summer,2,Tomcod,Microgadus tomcod,BonyFishes,52,86,,,
7/3/2024,Owls Head,Summer,2,Tomcod,Microgadus tomcod,BonyFishes,53,87,,,
7/3/2024,Owls Head,Summer,2,Mysid,Mysidacea,Crustaceans,NA,88,,,
7/3/2024,Owls Head,Summer,2,Threespine Stickleback,Gasterosteus aculeatus,BonyFishes,62,89,,,
7/4/2024,Taylor Head,Summer,1,Tomcod,Microgadus tomcod,BonyFishes,35,1,,,
7/4/2024,Taylor Head,Summer,1,Tomcod,Microgadus tomcod,BonyFishes,58,2,,,
7/4/2024,Taylor Head,Summer,1,Tomcod,Microgadus tomcod,BonyFishes,53,3,,,
7/4/2024,Taylor Head,Summer,1,Tomcod,Microgadus tomcod,BonyFishes,52,4,,,
7/4/2024,Taylor Head,Summer,1,Tomcod,Microgadus tomcod,BonyFishes,38,5,,,
7/4/2024,Taylor Head,Summer,1,Tomcod,Microgadus tomcod,BonyFishes,32,6,,,
7/4/2024,Taylor Head,Summer,1,White Hake,Urophycis tenuis,BonyFishes,67,7,,,
7/4/2024,Taylor Head,Summer,1,White Hake,Urophycis tenuis,BonyFishes,71,8,,,
7/4/2024,Taylor Head,Summer,1,Tomcod,Microgadus tomcod,BonyFishes,41,9,,,
7/4/2024,Taylor Head,Summer,1,Tomcod,Microgadus tomcod,BonyFishes,55,10,,,
7/4/2024,Taylor Head,Summer,1,Tomcod,Microgadus tomcod,BonyFishes,42,11,,,
7/4/2024,Taylor Head,Summer,1,Tomcod,Microgadus tomcod,BonyFishes,41,12,,,
7/4/2024,Taylor Head,Summer,1,Tomcod,Microgadus tomcod,BonyFishes,NA,13,,,
7/4/2024,Taylor Head,Summer,1,Tomcod,Microgadus tomcod,BonyFishes,42,14,,,
7/4/2024,Taylor Head,Summer,1,Tomcod,Microgadus tomcod,BonyFishes,42,15,,,
7/4/2024,Taylor Head,Summer,1,Tomcod,Microgadus tomcod,BonyFishes,46,16,,,
7/4/2024,Taylor Head,Summer,1,Tomcod,Microgadus tomcod,BonyFishes,45,17,,,
7/4/2024,Taylor Head,Summer,1,Tomcod,Microgadus tomcod,BonyFishes,46,18,,,
7/4/2024,Taylor Head,Summer,1,Tomcod,Microgadus tomcod,BonyFishes,46,19,,,
7/4/2024,Taylor Head,Summer,1,Tomcod,Microgadus tomcod,BonyFishes,65,20,,,
7/4/2024,Taylor Head,Summer,1,Tomcod,Microgadus tomcod,BonyFishes,41,21,,,
7/4/2024,Taylor Head,Summer,1,Tomcod,Microgadus tomcod,BonyFishes,47,22,,,
7/4/2024,Taylor Head,Summer,1,Tomcod,Microgadus tomcod,BonyFishes,45,23,,,
7/4/2024,Taylor Head,Summer,1,Tomcod,Microgadus tomcod,BonyFishes,46,24,,,
7/4/2024,Taylor Head,Summer,1,Tomcod,Microgadus tomcod,BonyFishes,62,25,,,
7/4/2024,Taylor Head,Summer,1,Tomcod,Microgadus tomcod,BonyFishes,41,26,,,
7/4/2024,Taylor Head,Summer,1,Tomcod,Microgadus tomcod,BonyFishes,41,27,,,
7/4/2024,Taylor Head,Summer,1,Tomcod,Microgadus tomcod,BonyFishes,48,28,,,
7/4/2024,Taylor Head,Summer,1,Tomcod,Microgadus tomcod,BonyFishes,46,29,,,
7/4/2024,Taylor Head,Summer,1,Tomcod,Microgadus tomcod,BonyFishes,52,30,,,
7/4/2024,Taylor Head,Summer,1,Northern Pipefish,Syngnathus fuscus,BonyFishes,112,31,,,
7/4/2024,Taylor Head,Summer,1,Tomcod,Microgadus tomcod,BonyFishes,41,32,,,
7/4/2024,Taylor Head,Summer,1,Tomcod,Microgadus tomcod,BonyFishes,56,,,,
7/4/2024,Taylor Head,Summer,1,Northern Pipefish,Syngnathus fuscus,BonyFishes,114,33,,,
7/4/2024,Taylor Head,Summer,1,Sea Raven,Hemitripterus americanus,BonyFishes,48,34,,,
7/4/2024,Taylor Head,Summer,1,Winter Flounder,Pseudopleuronectes americanus,BonyFishes,76,35,,,
7/4/2024,Taylor Head,Summer,1,Sea Raven,Hemitripterus americanus,BonyFishes,45,36,,,
7/4/2024,Taylor Head,Summer,1,Rock Gunnel,Pholis sp.,BonyFishes,145,37,,,
7/4/2024,Taylor Head,Summer,1,Sculpin,Microgadus tomcod,BonyFishes,48,38,,,
7/4/2024,Taylor Head,Summer,1,Sculpin,Microgadus tomcod,BonyFishes,38,39,,,
7/4/2024,Taylor Head,Summer,1,Sculpin,Microgadus tomcod,BonyFishes,62,40,,,
7/4/2024,Taylor Head,Summer,1,Rock Gunnel,Microgadus tomcod,BonyFishes,82,41,,,
7/4/2024,Taylor Head,Summer,1,Amphipod,Amphipoda,Crustaceans,NA,42,,,
7/4/2024,Taylor Head,Summer,1,Mysid,Mysidacea,Crustaceans,NA,43,,,
7/4/2024,Taylor Head,Summer,1,Sculpin,Myoxocephalus sp.,BonyFishes,22,44,,,
7/4/2024,Taylor Head,Summer,2,Tomcod,Microgadus tomcod,BonyFishes,45,45,,,
7/4/2024,Taylor Head,Summer,2,Tomcod,Microgadus tomcod,BonyFishes,45,46,,,
7/4/2024,Taylor Head,Summer,2,Tomcod,Microgadus tomcod,BonyFishes,41,47,,,
7/4/2024,Taylor Head,Summer,2,Atlantic Herring,Clupea harengus,BonyFishes,68,48,,,
7/4/2024,Taylor Head,Summer,2,Tomcod,Microgadus tomcod,BonyFishes,55,,,,
7/4/2024,Taylor Head,Summer,2,Tomcod,Microgadus tomcod,BonyFishes,46,,,,
7/4/2024,Taylor Head,Summer,2,Tomcod,Microgadus tomcod,BonyFishes,56,,,,
7/4/2024,Taylor Head,Summer,2,Tomcod,Microgadus tomcod,BonyFishes,45,,,,
7/4/2024,Taylor Head,Summer,2,Tomcod,Microgadus tomcod,BonyFishes,51,,,,
7/4/2024,Taylor Head,Summer,2,Tomcod,Microgadus tomcod,BonyFishes,48,,,,
7/4/2024,Taylor Head,Summer,2,Tomcod,Microgadus tomcod,BonyFishes,51,,,,
7/4/2024,Taylor Head,Summer,2,Tomcod (bulk),Microgadus tomcod,BonyFishes,NA,NA,,,
7/4/2024,Taylor Head,Summer,2,White Hake,Urophycis tenuis,BonyFishes,52,49,,,
7/4/2024,Taylor Head,Summer,2,Northern Pipefish,Syngnathus fuscus,BonyFishes,141,50,,,
7/4/2024,Taylor Head,Summer,2,Cunner,Tautogolabrus adsperus,BonyFishes,82,51,,,
7/4/2024,Taylor Head,Summer,2,Cunner,Tautogolabrus adsperus,BonyFishes,50,52,,,
7/4/2024,Taylor Head,Summer,2,Pollock,Microgadus tomcod,BonyFishes,61,53,,,
7/4/2024,Taylor Head,Summer,2,Winter Flounder,Pseudopleuronectes americanus,BonyFishes,80,54,,,
7/4/2024,Taylor Head,Summer,2,Cunner,Tautogolabrus adsperus,BonyFishes,63,55,,,
7/4/2024,Taylor Head,Summer,2,Rock Gunnel,Pholis sp.,BonyFishes,145,56,,,
7/4/2024,Taylor Head,Summer,2,Rock Gunnel,Pholis sp.,BonyFishes,145,57,,,
7/4/2024,Taylor Head,Summer,2,Winter Flounder,Pseudopleuronectes americanus,BonyFishes,81,58,,,
7/4/2024,Taylor Head,Summer,2,Sculpin,Myoxocephalus sp.,BonyFishes,38,59,,,
7/4/2024,Taylor Head,Summer,2,Mysid,Mysidacea,Crustaceans,NA,60,,,
7/16/2024,Moosehead,Summer,1,Alewife,Clupeiformes,BonyFishes,55,1,,,"Hard to differentiate up to 3 morphotypes - black and blue clupeids at Moosehead, but some variation in size/thickness of black ones (Alosa spp.?)"
7/16/2024,Moosehead,Summer,1,Alewife,Clupeiformes,BonyFishes,57,2,,,
7/16/2024,Moosehead,Summer,1,Alewife,Clupeiformes,BonyFishes,53,3,,,
7/16/2024,Moosehead,Summer,1,Alewife,Clupeiformes,BonyFishes,50,4,,,
7/16/2024,Moosehead,Summer,1,Alewife,Clupeiformes,BonyFishes,50,5,,,
7/16/2024,Moosehead,Summer,1,Alewife,Clupeiformes,BonyFishes,50,6,,,
7/16/2024,Moosehead,Summer,1,Alewife,Clupeiformes,BonyFishes,57,7,,,
7/16/2024,Moosehead,Summer,1,Alewife,Clupeiformes,BonyFishes,50,8,,,
7/16/2024,Moosehead,Summer,1,Alewife,Clupeiformes,BonyFishes,51,9,,,
7/16/2024,Moosehead,Summer,1,Alewife,Clupeiformes,BonyFishes,56,10,,,
7/16/2024,Moosehead,Summer,1,Alewife,Clupeiformes,BonyFishes,55,11,,,
7/16/2024,Moosehead,Summer,1,Alewife,Clupeiformes,BonyFishes,52,12,,,
7/16/2024,Moosehead,Summer,1,Alewife,Clupeiformes,BonyFishes,58,13,,,
7/16/2024,Moosehead,Summer,1,Alewife,Clupeiformes,BonyFishes,59,14,Y,,
7/16/2024,Moosehead,Summer,1,Alewife,Clupeiformes,BonyFishes,59,15,Y,,
7/16/2024,Moosehead,Summer,1,Atlantic Herring,Clupeiformes,BonyFishes,86,16,Y,,
7/16/2024,Moosehead,Summer,1,Alewife,Clupeiformes,BonyFishes,50,18,,,
7/16/2024,Moosehead,Summer,1,Alewife,Clupeiformes,BonyFishes,50,20,,,
7/16/2024,Moosehead,Summer,1,Alewife,Clupeiformes,BonyFishes,62,21,,,
7/16/2024,Moosehead,Summer,1,Alewife,Clupeiformes,BonyFishes,52,22,,,
7/16/2024,Moosehead,Summer,1,Alewife,Clupeiformes,BonyFishes,47,23,,,
7/16/2024,Moosehead,Summer,1,Alewife,Clupeiformes,BonyFishes,47,24,,,
7/16/2024,Moosehead,Summer,1,Alewife,Clupeiformes,BonyFishes,56,25,,,
7/16/2024,Moosehead,Summer,1,Alewife,Clupeiformes,BonyFishes,50,26,,,
7/16/2024,Moosehead,Summer,1,Alewife,Clupeiformes,BonyFishes,50,27,,,
7/16/2024,Moosehead,Summer,1,Alewife,Clupeiformes,BonyFishes,57,28,,,
7/16/2024,Moosehead,Summer,1,Alewife,Clupeiformes,BonyFishes,50,29,,,
7/16/2024,Moosehead,Summer,1,Alewife,Clupeiformes,BonyFishes,53,30,,,
7/16/2024,Moosehead,Summer,1,Alewife,Clupeiformes,BonyFishes,47,31,,,
7/16/2024,Moosehead,Summer,1,Alewife,Clupeiformes,BonyFishes,52,32,,,
7/16/2024,Moosehead,Summer,1,Alewife,Clupeiformes,BonyFishes,48,33,,,
7/16/2024,Moosehead,Summer,1,Alewife,Clupeiformes,BonyFishes,53,34,,,
7/16/2024,Moosehead,Summer,1,Alewife,Clupeiformes,BonyFishes,51,35,,,
7/16/2024,Moosehead,Summer,1,Alewife,Clupeiformes,BonyFishes,63,36,,,
7/16/2024,Moosehead,Summer,1,Alewife,Clupeiformes,BonyFishes,54,37,,,
7/16/2024,Moosehead,Summer,1,Alewife,Clupeiformes,BonyFishes,63,38,,,
7/16/2024,Moosehead,Summer,1,Alewife,Clupeiformes,BonyFishes,52,39,,,
7/16/2024,Moosehead,Summer,1,Alewife,Clupeiformes,BonyFishes,54,40,,,
7/16/2024,Moosehead,Summer,1,Alewife,Clupeiformes,BonyFishes,62,41,,,
7/16/2024,Moosehead,Summer,1,Alewife,Clupeiformes,BonyFishes,55,42,,,
7/16/2024,Moosehead,Summer,1,Alewife,Clupeiformes,BonyFishes,60,43,,,
7/16/2024,Moosehead,Summer,1,Alewife,Clupeiformes,BonyFishes,53,44,,,
7/16/2024,Moosehead,Summer,1,Alewife,Clupeiformes,BonyFishes,47,45,,,Tube # illegible
7/16/2024,Moosehead,Summer,1,Alewife,Clupeiformes,BonyFishes,58,46,,,
7/16/2024,Moosehead,Summer,1,Alewife,Clupeiformes,BonyFishes,55,47,,,
7/16/2024,Moosehead,Summer,1,Alewife,Clupeiformes,BonyFishes,48,48,,,
7/16/2024,Moosehead,Summer,1,Alewife,Clupeiformes,BonyFishes,48,49,,,
7/16/2024,Moosehead,Summer,1,Atlantic Herring,Clupeiformes,BonyFishes,62,50,,,
7/16/2024,Moosehead,Summer,1,Atlantic Herring,Clupeiformes,BonyFishes,62,51,,,
7/16/2024,Moosehead,Summer,1,Atlantic Herring,Clupeiformes,BonyFishes,68,52,,,
7/16/2024,Moosehead,Summer,1,Atlantic Herring,Clupeiformes,BonyFishes,65,53,,,
7/16/2024,Moosehead,Summer,1,Atlantic Herring,Clupeiformes,BonyFishes,63,54,,,
7/16/2024,Moosehead,Summer,1,Atlantic Herring,Clupeiformes,BonyFishes,89,55,,,
7/16/2024,Moosehead,Summer,1,Atlantic Herring,Clupeiformes,BonyFishes,96,56,,,
7/16/2024,Moosehead,Summer,1,Atlantic Herring,Clupeiformes,BonyFishes,63,57,,,
7/16/2024,Moosehead,Summer,1,Alewife,Clupeiformes,BonyFishes,50,58,,,
7/16/2024,Moosehead,Summer,1,Atlantic Herring,Clupeiformes,BonyFishes,66,59,,,
7/16/2024,Moosehead,Summer,1,Atlantic Herring,Clupeiformes,BonyFishes,63,60,,,
7/16/2024,Moosehead,Summer,1,Atlantic Herring,Clupeiformes,BonyFishes,63,61,,,
7/16/2024,Moosehead,Summer,1,Atlantic Herring,Clupeiformes,BonyFishes,57,62,,,
7/16/2024,Moosehead,Summer,1,Alewife,Clupeiformes,BonyFishes,51,63,,,
7/16/2024,Moosehead,Summer,1,Alewife,Clupeiformes,BonyFishes,57,64,,,
7/16/2024,Moosehead,Summer,1,Alewife,Clupeiformes,BonyFishes,50,65,,,
7/16/2024,Moosehead,Summer,1,Alewife,Clupeiformes,BonyFishes,60,66,,,
7/16/2024,Moosehead,Summer,1,Atlantic Herring,Clupeiformes,BonyFishes,87,67,,,
7/16/2024,Moosehead,Summer,1,Atlantic Herring,Clupeiformes,BonyFishes,72,68,,,
7/16/2024,Moosehead,Summer,1,Atlantic Herring,Clupeiformes,BonyFishes,68,69,,,
7/16/2024,Moosehead,Summer,1,Atlantic Herring,Clupeiformes,BonyFishes,80,70,,,
7/16/2024,Moosehead,Summer,1,Atlantic Herring,Clupeiformes,BonyFishes,78,71,,,
7/16/2024,Moosehead,Summer,1,Atlantic Herring,Clupeiformes,BonyFishes,92,72,,,
7/16/2024,Moosehead,Summer,1,Atlantic Herring,Clupeiformes,BonyFishes,86,73,,,
7/16/2024,Moosehead,Summer,1,Atlantic Herring,Clupeiformes,BonyFishes,62,74,,,
7/16/2024,Moosehead,Summer,1,Atlantic Herring,Clupeiformes,BonyFishes,72,75,,,
7/16/2024,Moosehead,Summer,1,Atlantic Herring,Clupeiformes,BonyFishes,62,76,,,
7/16/2024,Moosehead,Summer,1,Atlantic Herring,Clupeiformes,BonyFishes,60,77,,,
7/16/2024,Moosehead,Summer,1,Atlantic Herring,Clupeiformes,BonyFishes,75,78,,,
7/16/2024,Moosehead,Summer,1,Atlantic Herring,Clupeiformes,BonyFishes,83,79,,,
7/16/2024,Moosehead,Summer,1,Atlantic Herring,Clupeiformes,BonyFishes,86,80,,,
7/16/2024,Moosehead,Summer,1,Atlantic Herring,Clupeiformes,BonyFishes,92,81,,,
7/16/2024,Moosehead,Summer,1,Atlantic Herring,Clupeiformes,BonyFishes,90,82,,,
7/16/2024,Moosehead,Summer,1,Atlantic Herring,Clupeiformes,BonyFishes,75,83,,,
7/16/2024,Moosehead,Summer,1,Atlantic Herring,Clupeiformes,BonyFishes,77,84,,,
7/16/2024,Moosehead,Summer,1,Alewife,Clupeiformes,BonyFishes,56,85,,,
7/16/2024,Moosehead,Summer,1,Atlantic Herring,Clupeiformes,BonyFishes,60,,,,
7/16/2024,Moosehead,Summer,1,Atlantic Herring,Clupeiformes,BonyFishes,70,,,,
7/16/2024,Moosehead,Summer,1,Atlantic Herring,Clupeiformes,BonyFishes,70,,,,
7/16/2024,Moosehead,Summer,1,Atlantic Herring,Clupeiformes,BonyFishes,70,,,,
7/16/2024,Moosehead,Summer,1,Atlantic Herring,Clupeiformes,BonyFishes,73,,,,
7/16/2024,Moosehead,Summer,1,Atlantic Herring,Clupeiformes,BonyFishes,78,,,,
7/16/2024,Moosehead,Summer,1,Atlantic Herring,Clupeiformes,BonyFishes,77,,,,
7/16/2024,Moosehead,Summer,1,Atlantic Herring,Clupeiformes,BonyFishes,82,,,,
7/16/2024,Moosehead,Summer,1,Atlantic Herring,Clupeiformes,BonyFishes,58,,,,
7/16/2024,Moosehead,Summer,1,Alewife,Clupeiformes,BonyFishes,58,86,,,
7/16/2024,Moosehead,Summer,1,Atlantic Herring,Clupeiformes,BonyFishes,68,,,,
7/16/2024,Moosehead,Summer,1,Atlantic Herring,Clupeiformes,BonyFishes,70,,,,
7/16/2024,Moosehead,Summer,1,Atlantic Herring,Clupeiformes,BonyFishes,65,,,,
7/16/2024,Moosehead,Summer,1,Atlantic Herring,Clupeiformes,BonyFishes,83,,,,
7/16/2024,Moosehead,Summer,1,Atlantic Herring,Clupeiformes,BonyFishes,72,,,,
7/16/2024,Moosehead,Summer,1,Atlantic Herring,Clupeiformes,BonyFishes,64,,,,
7/16/2024,Moosehead,Summer,1,Atlantic Herring,Clupeiformes,BonyFishes,75,,,,
7/16/2024,Moosehead,Summer,1,Atlantic Herring,Clupeiformes,BonyFishes,78,,,,
7/16/2024,Moosehead,Summer,1,Atlantic Herring,Clupeiformes,BonyFishes,73,,,,
7/16/2024,Moosehead,Summer,1,Atlantic Herring,Clupeiformes,BonyFishes,65,,,,
7/16/2024,Moosehead,Summer,1,Tomcod,Microgadus tomcod,BonyFishes,60,87,,,
7/16/2024,Moosehead,Summer,1,Tomcod,Microgadus tomcod,BonyFishes,50,88,,,
7/16/2024,Moosehead,Summer,1,Sandlance,Ammodytes sp.,BonyFishes,63,89,,,
7/16/2024,Moosehead,Summer,1,Cunner,Tautogolabrus adsperus,BonyFishes,83,90,,,Breeding male
7/16/2024,Moosehead,Summer,1,Sandlance,Ammodytes sp.,BonyFishes,75,91,,,
7/16/2024,Moosehead,Summer,1,Sandlance,Ammodytes sp.,BonyFishes,74,92,,,
7/16/2024,Moosehead,Summer,1,Tomcod,Microgadus tomcod,BonyFishes,58,93,,,
7/16/2024,Moosehead,Summer,1,Tomcod,Microgadus tomcod,BonyFishes,60,94,,,
7/16/2024,Moosehead,Summer,1,Sandlance,Ammodytes sp.,BonyFishes,68,95,,,
7/16/2024,Moosehead,Summer,1,Tomcod,Microgadus tomcod,BonyFishes,57,96,,,
7/16/2024,Moosehead,Summer,1,Tomcod,Microgadus tomcod,BonyFishes,68,97,,,
7/16/2024,Moosehead,Summer,1,Sandlance,Ammodytes sp.,BonyFishes,67,98,,,
7/16/2024,Moosehead,Summer,1,Sandlance,Microgadus tomcod,BonyFishes,68,99,,,
7/16/2024,Moosehead,Summer,1,Tomcod,Microgadus tomcod,BonyFishes,61,100,,,
7/16/2024,Moosehead,Summer,1,Sandlance,Ammodytes sp.,BonyFishes,67,101,,,
7/16/2024,Moosehead,Summer,1,Sandlance,Ammodytes sp.,BonyFishes,72,102,,,
7/16/2024,Moosehead,Summer,1,Threespine Stickleback,Gasterosteus aculeatus,BonyFishes,38,103,,,
7/16/2024,Moosehead,Summer,1,Tomcod,Microgadus tomcod,BonyFishes,78,104,,,
7/16/2024,Moosehead,Summer,1,Sandlance,Ammodytes sp.,BonyFishes,68,105,,,
7/16/2024,Moosehead,Summer,1,Rock Gunnel,Pholis sp.,BonyFishes,105,106,,,
7/16/2024,Moosehead,Summer,1,Sandlance,Ammodytes sp.,BonyFishes,74,107,,,
7/16/2024,Moosehead,Summer,1,Herring (Bulk),Clupeiformes,BonyFishes,NA,NA,,,
7/16/2024,Moosehead,Summer,2,Sculpin,Myoxocephalus sp.,BonyFishes,123,108,Y,,
7/16/2024,Moosehead,Summer,2,Butterfish,Peprilus triacanthus,BonyFishes,88,109,Y,,
7/16/2024,Moosehead,Summer,2,Butterfish,Peprilus triacanthus,BonyFishes,88,110,Y,,
7/16/2024,Moosehead,Summer,2,Butterfish,Peprilus triacanthus,BonyFishes,89,111,Y,,
7/16/2024,Moosehead,Summer,2,Butterfish,Peprilus triacanthus,BonyFishes,100,112,Y,,
7/16/2024,Moosehead,Summer,2,Butterfish,Peprilus triacanthus,BonyFishes,95,113,Y,,
7/16/2024,Moosehead,Summer,2,Butterfish,Peprilus triacanthus,BonyFishes,83,114,Y,,Taken by Brendan Wringe
7/16/2024,Moosehead,Summer,2,Tomcod,Microgadus tomcod,BonyFishes,56,115,,,
7/16/2024,Moosehead,Summer,2,Tomcod,Microgadus tomcod,BonyFishes,55,116,,,
7/16/2024,Moosehead,Summer,2,Butterfish,Peprilus triacanthus,BonyFishes,90,117,Y,,
7/16/2024,Moosehead,Summer,2,Winter Flounder,Pseudopleuronectes americanus,BonyFishes,65,118,,,
7/16/2024,Moosehead,Summer,2,Tomcod,Microgadus tomcod,BonyFishes,50,119,,,
7/16/2024,Moosehead,Summer,2,Tomcod,Microgadus tomcod,BonyFishes,53,120,,,
7/16/2024,Moosehead,Summer,2,Tomcod,Microgadus tomcod,BonyFishes,55,121,,,
7/16/2024,Moosehead,Summer,2,Sandlance,Ammodytes sp.,BonyFishes,70,122,,,
7/16/2024,Moosehead,Summer,2,Sandlance,Ammodytes sp.,BonyFishes,71,123,,,
7/16/2024,Moosehead,Summer,2,Sandlance,Ammodytes sp.,BonyFishes,71,124,,,
7/16/2024,Moosehead,Summer,2,Sandlance,Ammodytes sp.,BonyFishes,65,125,,,
7/16/2024,Moosehead,Summer,2,Sandlance,Ammodytes sp.,BonyFishes,79,126,,,
7/16/2024,Moosehead,Summer,2,Sandlance,Ammodytes sp.,BonyFishes,64,127,,,
7/16/2024,Moosehead,Summer,2,Sandlance,Ammodytes sp.,BonyFishes,82,128,,,
7/16/2024,Moosehead,Summer,2,Sandlance,Ammodytes sp.,BonyFishes,69,129,,,
7/16/2024,Moosehead,Summer,2,Sandlance,Ammodytes sp.,BonyFishes,81,130,,,
7/16/2024,Moosehead,Summer,2,Sandlance,Ammodytes sp.,BonyFishes,76,131,,,
7/16/2024,Moosehead,Summer,2,Sandlance,Ammodytes sp.,BonyFishes,74,132,,,
7/16/2024,Moosehead,Summer,2,Sandlance,Ammodytes sp.,BonyFishes,72,133,,,
7/16/2024,Moosehead,Summer,2,Sandlance,Ammodytes sp.,BonyFishes,59,134,,,
7/16/2024,Moosehead,Summer,2,Sandlance,Ammodytes sp.,BonyFishes,68,135,,,
7/16/2024,Moosehead,Summer,2,Sandlance,Ammodytes sp.,BonyFishes,79,136,,,
7/16/2024,Moosehead,Summer,2,Sandlance,Ammodytes sp.,BonyFishes,71,137,,,
7/16/2024,Moosehead,Summer,2,Sandlance,Ammodytes sp.,BonyFishes,64,138,,,
7/16/2024,Moosehead,Summer,2,Sandlance,Ammodytes sp.,BonyFishes,72,139,,,
7/16/2024,Moosehead,Summer,2,Sandlance,Ammodytes sp.,BonyFishes,78,140,,,
7/16/2024,Moosehead,Summer,2,Sandlance,Ammodytes sp.,BonyFishes,54,141,,,
7/16/2024,Moosehead,Summer,2,Sandlance,Ammodytes sp.,BonyFishes,68,142,,,
7/16/2024,Moosehead,Summer,2,Sandlance,Ammodytes sp.,BonyFishes,69,143,,,
7/16/2024,Moosehead,Summer,2,Sandlance,Ammodytes sp.,BonyFishes,69,144,,,
7/16/2024,Moosehead,Summer,2,Tomcod,Microgadus tomcod,BonyFishes,57,146,,,May have missed a vial before this
7/16/2024,Moosehead,Summer,2,Sandlance,Ammodytes sp.,BonyFishes,62,,,,
7/16/2024,Moosehead,Summer,2,Sandlance,Ammodytes sp.,BonyFishes,81,,,,
7/16/2024,Moosehead,Summer,2,Sandlance,Ammodytes sp.,BonyFishes,69,,,,
7/16/2024,Moosehead,Summer,2,Sandlance,Ammodytes sp.,BonyFishes,70,,,,
7/16/2024,Moosehead,Summer,2,Sandlance,Ammodytes sp.,BonyFishes,70,,,,
7/16/2024,Moosehead,Summer,2,Sandlance,Ammodytes sp.,BonyFishes,65,,,,
7/16/2024,Moosehead,Summer,2,Sandlance,Ammodytes sp.,BonyFishes,69,,,,
7/16/2024,Moosehead,Summer,2,Sandlance,Ammodytes sp.,BonyFishes,70,,,,
7/16/2024,Moosehead,Summer,2,Sandlance,Ammodytes sp.,BonyFishes,76,,,,
7/16/2024,Moosehead,Summer,2,Sandlance,Ammodytes sp.,BonyFishes,67,,,,
7/16/2024,Moosehead,Summer,2,Sandlance,Ammodytes sp.,BonyFishes,68,,,,
7/16/2024,Moosehead,Summer,2,Sandlance,Ammodytes sp.,BonyFishes,56,,,,
7/16/2024,Moosehead,Summer,2,Sandlance,Ammodytes sp.,BonyFishes,62,,,,
7/16/2024,Moosehead,Summer,2,Sandlance,Ammodytes sp.,BonyFishes,63,,,,
7/16/2024,Moosehead,Summer,2,Sandlance,Ammodytes sp.,BonyFishes,69,,,,
7/16/2024,Moosehead,Summer,2,Sandlance,Ammodytes sp.,BonyFishes,61,,,,
7/16/2024,Moosehead,Summer,2,Sandlance,Ammodytes sp.,BonyFishes,70,,,,
7/16/2024,Moosehead,Summer,2,Sandlance (Bulk),Ammodytes sp.,BonyFishes,NA,NA,,,45 total
7/16/2024,Moosehead,Summer,2,Tomcod,Microgadus tomcod,BonyFishes,53,147,,,
7/16/2024,Moosehead,Summer,2,Rock Gunnel,Pholis sp.,BonyFishes,106,148,,,
7/16/2024,Moosehead,Summer,2,Tomcod,Microgadus tomcod,BonyFishes,75,149,,,
7/16/2024,Moosehead,Summer,2,Herring (Bulk),Clupeiformes,BonyFishes,NA,NA,,,3000ish
7/17/2024,Goldboro,Summer,1,Rock Gunnel,Pholis sp.,BonyFishes,97,1,,,
7/17/2024,Goldboro,Summer,1,Cunner,Tautogolabrus adsperus,BonyFishes,56,2,,,
7/17/2024,Goldboro,Summer,1,American Eel,Anguilla rostrata,BonyFishes,300,3,Y,Adult,
7/17/2024,Goldboro,Summer,1,Cunner,Tautogolabrus adsperus,BonyFishes,46,4,,,
10/30/2024,Taylor Head,Fall,1,Threespine Stickleback,Microgadus tomcod,BonyFishes,60,NA,,,
10/30/2024,Taylor Head,Fall,1,Threespine Stickleback,Microgadus tomcod,BonyFishes,65,NA,,,
10/30/2024,Taylor Head,Fall,1,Sculpin,Microgadus tomcod,BonyFishes,51,NA,,,
10/30/2024,Taylor Head,Fall,2,Threespine Stickleback,Microgadus tomcod,BonyFishes,60,NA,,,
10/30/2024,Taylor Head,Fall,3,Sandlance,Microgadus tomcod,BonyFishes,94,NA,,,
10/30/2024,Taylor Head,Fall,3,Rock Gunnel,Microgadus tomcod,BonyFishes,103,NA,,,
10/30/2024,Taylor Head,Fall,3,Sculpin,Microgadus tomcod,BonyFishes,34,Collected for Genevieve Parent,,,
10/30/2024,Taylor Head,Fall,3,Sculpin,Microgadus tomcod,BonyFishes,47,Collected for Genevieve Parent,,,
10/30/2024,Taylor Head,Fall,1,"A variety of mysids, amphipods, snails, and gelatinous invertebrates were also captured",Invertebrates,Invertebrates,NA,NA,,,
11/12/2024,Moosehead,Fall,1,Atlantic Herring,Clupea harengus,BonyFishes,99,,,,"Think these were all Atlantic herring, possibly some alewife mixed in"
11/12/2024,Moosehead,Fall,1,Atlantic Herring,Clupea harengus,BonyFishes,73,,,,
11/12/2024,Moosehead,Fall,1,Sculpin,Myoxocephalus sp.,BonyFishes,59,Collected for Genevieve Parent,,,Froze in the -80 for DNA extraction
11/12/2024,Moosehead,Fall,1,Atlantic Herring,Clupea harengus,BonyFishes,64,,,,
11/12/2024,Moosehead,Fall,1,Atlantic Herring,Clupea harengus,BonyFishes,68,,,,
11/12/2024,Moosehead,Fall,1,Atlantic Herring,Clupea harengus,BonyFishes,70,,,,
11/12/2024,Moosehead,Fall,1,Atlantic Herring,Clupea harengus,BonyFishes,96,,,,
11/12/2024,Moosehead,Fall,1,Winter Flounder,Pseudopleuronectes americanus,BonyFishes,135,,,,
11/12/2024,Moosehead,Fall,1,Atlantic Herring,Clupea harengus,BonyFishes,96,,,,
11/12/2024,Moosehead,Fall,1,Cunner,Tautogolabrus adsperus,BonyFishes,30,,,Juvenile,Tiny!
11/12/2024,Moosehead,Fall,1,Atlantic Herring,Clupea harengus,BonyFishes,70,,,,
11/12/2024,Moosehead,Fall,1,Atlantic Herring,Clupea harengus,BonyFishes,83,,,,
11/12/2024,Moosehead,Fall,1,Threespine Stickleback,Gasterosteus aculeatus,BonyFishes,60,,,,
11/12/2024,Moosehead,Fall,1,Northern Pipefish,Syngnathus fuscus,BonyFishes,151,,,,
11/12/2024,Moosehead,Fall,1,Atlantic Herring,Clupea harengus,BonyFishes,68,,,,
11/12/2024,Moosehead,Fall,1,Atlantic Herring,Clupea harengus,BonyFishes,72,,,,
11/12/2024,Moosehead,Fall,1,Cunner,Clupea harengus,BonyFishes,25,,,Juvenile,
11/12/2024,Moosehead,Fall,1,Tomcod,Microgadus tomcod,BonyFishes,214,,,Adult,"Very large cod, pictures to confirm species"
11/12/2024,Moosehead,Fall,1,Atlantic Herring,Clupea harengus,BonyFishes,89,,,,
11/12/2024,Moosehead,Fall,1,Atlantic Herring,Clupea harengus,BonyFishes,66,,,,
11/12/2024,Moosehead,Fall,1,Atlantic Herring,Clupea harengus,BonyFishes,78,,,,
11/12/2024,Moosehead,Fall,1,Tomcod,Microgadus tomcod,BonyFishes,115,,,,
11/12/2024,Moosehead,Fall,1,Atlantic Herring,Clupea harengus,BonyFishes,105,,,,
11/12/2024,Moosehead,Fall,1,Atlantic Herring,Clupea harengus,BonyFishes,70,,,,
11/12/2024,Moosehead,Fall,1,Tomcod,Microgadus tomcod,BonyFishes,115,,,,
11/12/2024,Moosehead,Fall,1,Atlantic Herring,Clupea harengus,BonyFishes,68,,,,
11/12/2024,Moosehead,Fall,1,Winter Flounder,Pseudopleuronectes americanus,BonyFishes,84,,,,
11/12/2024,Moosehead,Fall,1,Atlantic Herring,Clupea harengus,BonyFishes,64,,,,
11/12/2024,Moosehead,Fall,1,Threespine Stickleback,Gasterosteus aculeatus,BonyFishes,63,,,,
11/12/2024,Moosehead,Fall,1,Tomcod,Microgadus tomcod,BonyFishes,105,,,,
11/12/2024,Moosehead,Fall,1,Tomcod,Microgadus tomcod,BonyFishes,100,,,,
11/12/2024,Moosehead,Fall,1,Atlantic Herring,Clupea harengus,BonyFishes,89,,,,
11/12/2024,Moosehead,Fall,1,Tomcod,Microgadus tomcod,BonyFishes,NA,,,,Escaped before we could measure but around 100mm
11/12/2024,Moosehead,Fall,1,Threespine Stickleback,Gasterosteus aculeatus,BonyFishes,58,,,,
11/12/2024,Moosehead,Fall,1,Tomcod,Microgadus tomcod,BonyFishes,105,,,,
11/12/2024,Moosehead,Fall,1,Threespine Stickleback,Gasterosteus aculeatus,BonyFishes,58,,,,
11/12/2024,Moosehead,Fall,1,Threespine Stickleback,Gasterosteus aculeatus,BonyFishes,55,,,,
11/12/2024,Moosehead,Fall,2,Threespine Stickleback,Gasterosteus aculeatus,BonyFishes,60,,,,
11/12/2024,Moosehead,Fall,2,Threespine Stickleback,Gasterosteus aculeatus,BonyFishes,60,,,,
11/12/2024,Moosehead,Fall,2,Threespine Stickleback,Gasterosteus aculeatus,BonyFishes,52,,,,
11/12/2024,Moosehead,Fall,2,Threespine Stickleback,Gasterosteus aculeatus,BonyFishes,62,,,,
11/12/2024,Moosehead,Fall,2,Threespine Stickleback,Gasterosteus aculeatus,BonyFishes,54,,,,
11/12/2024,Moosehead,Fall,2,Threespine Stickleback,Gasterosteus aculeatus,BonyFishes,59,,,,
11/12/2024,Moosehead,Fall,2,Threespine Stickleback,Gasterosteus aculeatus,BonyFishes,55,,,,
11/12/2024,Moosehead,Fall,2,Threespine Stickleback,Gasterosteus aculeatus,BonyFishes,57,,,,
11/12/2024,Moosehead,Fall,2,Threespine Stickleback,Gasterosteus aculeatus,BonyFishes,58,,,,
11/12/2024,Moosehead,Fall,2,Threespine Stickleback,Gasterosteus aculeatus,BonyFishes,64,,,,
11/12/2024,Moosehead,Fall,2,Tomcod,Microgadus tomcod,BonyFishes,105,,,,
11/12/2024,Moosehead,Fall,2,Tomcod,Microgadus tomcod,BonyFishes,115,,,,
11/12/2024,Moosehead,Fall,2,Threespine Stickleback,Gasterosteus aculeatus,BonyFishes,58,,,,
11/12/2024,Moosehead,Fall,2,Threespine Stickleback,Gasterosteus aculeatus,BonyFishes,59,,,,
11/12/2024,Moosehead,Fall,2,Threespine Stickleback,Gasterosteus aculeatus,BonyFishes,65,,,,
11/12/2024,Moosehead,Fall,2,Threespine Stickleback,Gasterosteus aculeatus,BonyFishes,42,,,,
11/12/2024,Moosehead,Fall,2,Threespine Stickleback,Gasterosteus aculeatus,BonyFishes,60,,,,
11/12/2024,Moosehead,Fall,2,Northern Pipefish,Syngnathus fuscus,BonyFishes,106,,,,
11/12/2024,Moosehead,Fall,2,Threespine Stickleback,Gasterosteus aculeatus,BonyFishes,56,,,,
11/12/2024,Moosehead,Fall,2,Threespine Stickleback,Gasterosteus aculeatus,BonyFishes,56,,,,
11/12/2024,Moosehead,Fall,2,Tomcod,Microgadus tomcod,BonyFishes,97,,,,
11/12/2024,Moosehead,Fall,2,Threespine Stickleback,Gasterosteus aculeatus,BonyFishes,58,,,,
11/12/2024,Moosehead,Fall,2,Threespine Stickleback,Gasterosteus aculeatus,BonyFishes,53,,,,
11/12/2024,Moosehead,Fall,2,Threespine Stickleback,Gasterosteus aculeatus,BonyFishes,62,,,,
11/12/2024,Moosehead,Fall,2,Threespine Stickleback,Gasterosteus aculeatus,BonyFishes,64,,,,
11/12/2024,Moosehead,Fall,2,Northern Pipefish,Syngnathus fuscus,BonyFishes,64,,,Juvenile,Tiny!
11/12/2024,Moosehead,Fall,3,Winter Flounder,Pseudopleuronectes americanus,BonyFishes,118,,,,
11/12/2024,Moosehead,Fall,3,Brook Trout,Salvelinus fontinalis,BonyFishes,108,,,,
11/12/2024,Moosehead,Fall,3,Northern Pipefish,Syngnathus fuscus,BonyFishes,82,,,,
11/12/2024,Moosehead,Fall,3,Atlantic Silverside,Menidia menidia,BonyFishes,109,,,,
11/12/2024,Moosehead,Fall,3,Atlantic Silverside,Menidia menidia,BonyFishes,101,,,,
11/12/2024,Moosehead,Fall,3,Atlantic Silverside,Menidia menidia,BonyFishes,99,,,,
11/12/2024,Moosehead,Fall,3,Atlantic Silverside,Menidia menidia,BonyFishes,96,,,,
11/12/2024,Moosehead,Fall,3,Atlantic Silverside,Menidia menidia,BonyFishes,98,,,,
11/12/2024,Moosehead,Fall,3,Atlantic Silverside,Menidia menidia,BonyFishes,118,,,,
11/12/2024,Moosehead,Fall,3,Atlantic Silverside,Menidia menidia,BonyFishes,90,,,,
11/12/2024,Moosehead,Fall,3,Atlantic Silverside,Menidia menidia,BonyFishes,83,,,,
11/12/2024,Moosehead,Fall,3,Atlantic Silverside,Menidia menidia,BonyFishes,98,,,,
11/12/2024,Moosehead,Fall,3,Atlantic Silverside,Menidia menidia,BonyFishes,98,,,,
11/12/2024,Moosehead,Fall,3,Atlantic Silverside,Menidia menidia,BonyFishes,101,,,,
11/12/2024,Moosehead,Fall,3,Atlantic Silverside,Menidia menidia,BonyFishes,84,,,,
11/12/2024,Moosehead,Fall,3,Atlantic Silverside,Menidia menidia,BonyFishes,105,,,,
11/12/2024,Moosehead,Fall,3,Atlantic Silverside,Menidia menidia,BonyFishes,96,,,,
11/12/2024,Moosehead,Fall,3,Atlantic Silverside,Menidia menidia,BonyFishes,84,,,,
11/12/2024,Moosehead,Fall,3,Atlantic Silverside,Menidia menidia,BonyFishes,85,,,,
11/12/2024,Moosehead,Fall,3,Atlantic Silverside,Menidia menidia,BonyFishes,96,,,,
11/12/2024,Moosehead,Fall,3,Atlantic Silverside,Menidia menidia,BonyFishes,89,,,,
11/12/2024,Moosehead,Fall,3,Atlantic Silverside,Menidia menidia,BonyFishes,100,,,,
11/12/2024,Moosehead,Fall,3,Atlantic Silverside,Menidia menidia,BonyFishes,85,,,,
11/12/2024,Moosehead,Fall,3,Atlantic Silverside,Menidia menidia,BonyFishes,106,,,,
11/12/2024,Moosehead,Fall,3,Atlantic Silverside,Menidia menidia,BonyFishes,95,,,,
11/12/2024,Moosehead,Fall,3,Atlantic Silverside,Menidia menidia,BonyFishes,99,,,,
11/12/2024,Moosehead,Fall,3,Atlantic Silverside,Menidia menidia,BonyFishes,86,,,,
11/12/2024,Moosehead,Fall,3,Atlantic Silverside,Menidia menidia,BonyFishes,90,,,,
11/12/2024,Moosehead,Fall,3,Atlantic Silverside,Menidia menidia,BonyFishes,87,,,,
11/12/2024,Moosehead,Fall,3,Atlantic Silverside,Menidia menidia,BonyFishes,90,,,,
11/12/2024,Moosehead,Fall,3,Atlantic Herring,Clupea harengus,BonyFishes,95,,,,
11/12/2024,Moosehead,Fall,3,Atlantic Silverside,Menidia menidia,BonyFishes,86,,,,
11/12/2024,Moosehead,Fall,3,Atlantic Silverside,Menidia menidia,BonyFishes,115,,,,
11/12/2024,Moosehead,Fall,3,Atlantic Silverside,Menidia menidia,BonyFishes,97,,,,
11/12/2024,Moosehead,Fall,3,Atlantic Silverside,Menidia menidia,BonyFishes,85,,,,
11/12/2024,Moosehead,Fall,3,Atlantic Silverside,Menidia menidia,BonyFishes,100,,,,
11/12/2024,Moosehead,Fall,3,Atlantic Silverside,Menidia menidia,BonyFishes,103,,,,
11/12/2024,Moosehead,Fall,3,Atlantic Silverside,Menidia menidia,BonyFishes,105,,,,
11/12/2024,Moosehead,Fall,3,Atlantic Silverside,Menidia menidia,BonyFishes,93,,,,
11/12/2024,Moosehead,Fall,3,Atlantic Silverside,Menidia menidia,BonyFishes,95,,,,
11/12/2024,Moosehead,Fall,3,Atlantic Silverside,Menidia menidia,BonyFishes,97,,,,
11/12/2024,Moosehead,Fall,3,Atlantic Silverside,Menidia menidia,BonyFishes,100,,,,
11/12/2024,Moosehead,Fall,3,Atlantic Silverside,Menidia menidia,BonyFishes,99,,,,
11/12/2024,Moosehead,Fall,3,Atlantic Silverside,Menidia menidia,BonyFishes,97,,,,
11/12/2024,Moosehead,Fall,3,Atlantic Silverside,Menidia menidia,BonyFishes,90,,,,
11/12/2024,Moosehead,Fall,3,Atlantic Silverside,Menidia menidia,BonyFishes,88,,,,
11/12/2024,Moosehead,Fall,3,Atlantic Silverside,Menidia menidia,BonyFishes,97,,,,
11/12/2024,Moosehead,Fall,3,Atlantic Silverside,Menidia menidia,BonyFishes,79,,,,
11/12/2024,Moosehead,Fall,3,Green Crab,Carcinus maenas,Crustaceans,NA,,,,One tiny green crab today
11/12/2024,Moosehead,Fall,3,Mysid,Mysidacea,Crustaceans,NA,,,,Tons of mysids in every seine haul
11/12/2024,Moosehead,Fall,3,Amphipod,Gammarus sp.,Crustaceans,NA,,,,
11/12/2024,Moosehead,Fall,3,Isopod,Idotea balthica,Crustaceans,NA,,,,
11/12/2024,Moosehead,Fall,3,Sand Shrimp,Crangon septimspinosa,Crustaceans,NA,,,,Many sand shrimp in every seine haul
